primary_stud_code,company_name,parent_company,address,city,state,zip,phone_fax,assigned,end Date,ending_date,notes,assigned_date
1,GENEX Cooperative,Genex,100 MBC Drive/ P.O. Box 469,Shawano,WI,54166,"715.526.2141, Fax:715.526.3219",Assigned 01/01/1995; Marketing only beginning 02/17/2019,NA,NA,"Formerly assigned to Noba, Inc./21st Century Genetics/GENEX Cooperative - subsidiaries of CRI",1995-01-01T00:00:00Z
2,"Select Sires, Inc.",Select Sires,11740 US 42 North,Plain City,OH,43064,"614.873.4683, Fax:614.873.5751",Re-activated 03/19/2020; Marketing only,NA,NA,Formerly assigned to COBA/SS 1972-01/02/2008,2020-03-19T00:00:00Z
3,GENEX Cooperative,Genex,522 Sheffield Road,Ithaca,NY,14850,"607.272.2011, Fax:607.272.3928",Assigned 12/15/1973,NA,NA,Formerly assigned to Eastern AI Cooperative,1973-12-15T00:00:00Z
4,"Northstar/Select Sires, Inc.",Select Sires,P.O. Box 23157,East Lansing,MI,48909-3157,517.351.3180,Assigned,End Date 12/27/2005,2005-12-27,Formerly assigned to MABC/SS,1995-01-01T00:00:00Z
5,KABA/Select Sires,Select Sires,1930 Herr Lane,Louisville,KY,40222,"502.425.1868, Fax:502.425.2317",Assigned,End Date 05/18/2006,2006-05-18,NA,2020-03-19T00:00:00Z
6,"Select Sires MidAmerica, Inc.",Select Sires,41 W 394 US Highway 20,Hampshire,IL,60140,"847.464.5281, Fax:847.464.4088",Assigned,NA,NA,Formerly known as Prairie State Select Sires; Formerly assigned to Illinois Breeding Cooperative,1973-12-15T00:00:00Z
7,"Select Sires, Inc.",Select Sires,11740 U.S. 42 North,Plain City,OH,43064,"614.873.4683, Fax:614.873.6073",Assigned 12/12/1973,NA,NA,"Formerly assigned to Armour & Company, BCI",1973-12-12T00:00:00Z
8,GENEX Cooperative,Genex,P.O. Box 5518,Ithaca,NY,14852,"607.272.2011, Fax:607.272.3928",Assigned 11/01/1985,End Date 05/18/2006,2006-05-18,Formerly assigned to Federated Genetics; Louisiana Animal Breeders Cooperative,1985-11-01T00:00:00Z
9,"Select Sires, Inc.",Select Sires,11740 U.S. 42 North,Plain City,OH,43064,"614.873.4683, Fax:614.873.6073",Marketing Only - 01/01/2018,NA,NA,"Formerly assigned to Sire Power, Inc. 11/03/1969; Maryland WV Bull Stud; Select Sire Power, Inc. 06/30/2000 through 01/01/2017",2018-01-01T00:00:00Z
10,Mississippi Animal Breeders Cooperative,NA,Drawer BA,State College,MS,39762,NA,Assigned,End Date 05/18/2006,2006-05-18,NA,NA
11,"Alta Genetics USA, Inc.",Alta Genetics,"P.O. Box 437, N8452 Airport Road",Watertown,WI,53094,"920.261.5065, Fax:920.262.8022",Assigned 11/01/1972,NA,NA,Formerly assigned to Landmark Genetics; Carnation/Genetics,1972-11-01T00:00:00Z
12,Cache Valley Breeding Association,Select Sires,833 West 400 North,Logan,UT,84321,801.752.2022,Assigned,End Date 05/18/2006,2006-05-18,NA,NA
13,All West Breeders,NA,P.O. Box 507,Burlington,WA,98233,"360.757.6093, Fax:360.757.7808",Assigned,; End Date 01/03/2006,2006-01-03,NA,NA
14,Select Sires/AG,Select Sires,E6975 Unseth Road,Westby,WI,54667,"608.356.8357, Fax:608.356.4387",Assigned,NA,NA,"Formerly Tri-State Breeders Cooperative, Currently owned by Select Sires",1973-12-12T00:00:00Z
15,GENEX Cooperative,Genex,1575 Apollo Drive,Lancaster,PA,17601,717.569.0413,Assigned,End Date 05/18/2006,2006-05-18,Formerly Atlantic Breeders Service,1985-11-01T00:00:00Z
16,Kansas Artificial Breeding Service Unit,NA,3171 Tuttle Creek Blvd.- KSU,Manhattan,KS,66502,"785-539-3554, Fax:785.537.4265",Assigned,NA,NA,NA,NA
17,Minnesota Valley Breeders Association,NA,P.O. Box 500,New Prague,MN,56071,NA,Assigned,End Date 05/18/2006,2006-05-18,NA,NA
18,East Tennessee Artificial Breeders Association,NA,Route 10 Tipton Station Road,Knoxville,TN,37020,615.577.4892,Assigned,End Date 05/18/2006,2006-05-18,NA,1972-11-01T00:00:00Z
19,Virginia/North Carolina/Select Sires,Select Sires,P.O. Box 370,Rocky Mount,VA,42151,703.483.5123,Assigned 11/02/1965,End Date 05/18/2006,2006-05-18,Formerly Virginia Animal Breeding Services,1965-11-02T00:00:00Z
20,Union Regionale des Cooperaties d'Elevage de I'Ouest (URECO),NA,50 rue Brizeux,Loudeac,NA,FRANCE,33.96 28 25 83,Assigned 5/18/1995,End Date 10/13/2010,2010-10-13,"Formerly assigned to Tennessee Artificial Breeding Assoc, Franklin, TN 11/16/1965",NA
21,GENEX Cooperative,Genex,P.O. Box 469,Shawano,WI,54166,"715.526.2141, Fax:715.526.3219",Assigned 5/09/1967,NA,NA,Formerly assigned to 21st Century Genetics; Midwest Breeders Cooperative,NA
22,Fry's Reproductive Center,NA,191 Fry Road,Rose Bud,AR,72137,"501.556.5080, Fax:501.556.4771",Assigned 11/15/1987,End Date 05/18/2006,2006-05-18,Formerly assigned to Norwood Breeding Center; Codding-Noba,1987-11-15T00:00:00Z
23,Excelsior Farms,NA,238 Sierra Bonita,Bishop,CA,93514,"760.873.4141, Fax:760.872.7028",Assigned 01/29/1969,End Date 02/13/2006,2006-02-13,NA,1969-01-29T00:00:00Z
24,"Genetics, Inc.",NA,NA,Hughson,CA,NA,209.883.4001,Assigned 08/15/1968,End Date 03/21/2006,2006-03-21,Sold to Carnation 11/01/1972,1968-08-15T00:00:00Z
25,"Sire Power, Inc. Custom Service",Select Sires,21 Sire Power Drive,Tunkhannock,PA,18657,NA,Assigned 03/20/1995,End Date 01/13/2006,2006-01-13,"Formerly assigned to NEBA, Route 2, Tunkhannock, PA 18657 09/16/1968",1995-03-20T00:00:00Z
26,East Central Breeders Assn.,NA,Box 191,Waupun,WI,53963,414.324.3505,Assigned 09/22/1969,End Date 05/18/2006,2006-05-18,NA,1969-09-22T00:00:00Z
27,"Herdsman, Inc.",NA,Box 391,Putnam,CT,6260,NA,Assigned 11/07/1969,End Date 12/30/2005,2005-12-30,NA,1969-11-07T00:00:00Z
28,"Alta Genetics, Canadian AI Division",NA,1-263090 Range Road 11,Rocky View County,AB,T4B 2T3 CANADA,"403.226.0666, Fax:403.226.4259",Assigned 05/04/1970,NA,NA,"Formerly named to Western Breeders Service, Ltd. 05/27/1970",1970-05-04T00:00:00Z
29,ABS Global,ABS Global,"1525 River Road, P.O. Box 459",Deforest,WI,53532,"608.846.3721, Fax:608.846.6459",Assigned 05/27/1970,NA,NA,Formerly assigned to American Breeders Service,1970-05-27T00:00:00Z
30,"Genetic Engineering, Inc.",NA,P.O. Box 33554,Northglenn,CO,80233,303.457.1311,Assigned 11/12/1980,End Date 05/18/2006,2006-05-18,Formerly assigned to Western Breeders 08/12/1970,1980-11-12T00:00:00Z
31,Golden State Breeders,NA,P.O. Box 575,Escalon,CA,95320,209.838.2342,Assigned 08/29/1970,NA,NA,Formerly assigned to The Bull Bank,1970-08-29T00:00:00Z
32,"Larry Moore Ranch, Inc.",NA,NA,Suamico,WI,54173,NA,Assigned 10/06/1970,NA,NA,NA,1970-10-06T00:00:00Z
33,Excelsior Farms Custom Freezing Service,NA,7401 Hamner Avenue,Corona,CA,91720,"909.737.2343, Fax:909.737.2344",Assigned 12/29/1978,End Date 02/13/2006,2006-02-13,"Formerly assigned V.C. Bunker, D.V.M. 10/25/1970",1978-12-29T00:00:00Z
34,Nokota Genetics,NA,Route 1 Box 143,Minot,ND,58701,"701.838.9389, Fax:701.839.3078",Assigned 10/28/1982,End Date 12/30/2005,2005-12-30,Formerly assigned Matanuska Valley Breeders Association 12/01/1970,1982-10-28T00:00:00Z
35,Spring Creek Ranch,NA,380 Collierville-Arlington Road,Collierville,TN,38017,901.853.7660,Assigned 10/28/1982,End Date 05/18/2006,2006-05-18,Formerly assigned to Eastern Frozen Semen Services 12/01/1970,1982-10-28T00:00:00Z
36,"North American Breeders, Inc.",NA,"P.O. Box 228, 1075 West Main Street",Berryville,VA,22611,"540.955.3647, Fax:540.955.2298",Assigned 12/01/1970,NA,NA,NA,1970-12-01T00:00:00Z
37,"GENEX Cooperative, Inc. and Holland Genetics-Joint Venture Program",Genex,"100 MBC Drive, P.O. Box 469",Shawano,WI,54166,"715.526.2141, Fax:715.526.3219",Assigned 10/31/2005,End Date 08/14/2008,2008-08-14,"Formerly assigned to 21st Century Genetics, New Prague, MN; Southern Breeders Ltd. 01/29/1970",2005-10-31T00:00:00Z
38,Big Beef Hybrids,NA,Box 248,Stillwater,MN,55082,NA,Assigned 03/05/1971,NA,NA,NA,1971-03-05T00:00:00Z
39,WESTGEN,NA,"6681 Glover Road (Langley, BC) Box 40",Milner,BC,V0X 1T0 CANADA,"604.530.1141, Fax:604.530.6892",Assigned 04/29/1971,End Date 02/14/2012,2012-02-14,Formerly assigned to British Columbia AI Centre,1971-04-29T00:00:00Z
40,Curtis Breeding Industries,NA,NA,Cary,IL,60013,NA,Assigned 07/26/1971,End Date 5/18/2006,2006-05-18,Formerly assigned to Curtiss Breeding Service,1971-07-26T00:00:00Z
41,GENEX Dakota Sire Service,Genex,40275 257th Street,Mitchell,SD,57301,"605.996.9100, Fax:605.996.0611",Assigned 02/29/2008,NA,NA,"Formerly assigned to Sire Management Services, LLC; Noba Laboratories 10/22/1971; Noba-Georgia 04/08/1974; D&D Bull Motel 06/21/1985",2008-02-29T00:00:00Z
42,Southwest AI Custom Freezing Center,NA,Route 1 Box 50-A,Ponder,TX,76259,NA,Assigned 11/10/1971,End Date 5/18/2006,2006-05-18,NA,1971-11-10T00:00:00Z
43,"International Genes, Inc.",NA,2120 Argonne Drive,Minneapolis,MN,54421,NA,Assigned 03/01/1972,End Date 5/18/2006,2006-05-18,NA,1972-03-01T00:00:00Z
44,Central Valley Dairy Breeders,NA,11110 Sierra Road,Oakdale,CA,95361,"559.798.2290, Fax:559.798.0103",Assigned 06/08/1993,NA,NA,"Formerly assigned to Adohr Dairy Farms, Box 88, Camarillo CA 93010 06/26/1972",1993-06-08T00:00:00Z
45,Artificial Insemination Program of Puerto Rico,NA,Box 726,Dorado,PR,646,NA,Assigned 01/30/1974,End Date 5/18/2006,2006-05-18,"Formerly Select Sires, Columbus, OH 07/05/1972",1974-01-30T00:00:00Z
46,Wye Plantation,NA,NA,Queenstown,MD,21658,NA,Assigned 08/15/1972,End Date 5/18/2006,2006-05-18,NA,1972-08-15T00:00:00Z
47,"Continental Genetics, LLC",NA,PO Box 398 (7651 Airline Highway,Livonia,LA,70755,225.637.2697,Assigned 01/05/2015,NA,NA,Formerly assigned to GENEX Cooperative 11/1/85; Louisiana Animal Breeders Cooperative; Pioneer Beef Cattle Company 01/30/1974,2015-01-05T00:00:00Z
48,"Lookout Mountain Genetics, LLC",NA,200 Valhalla SE,Fort Payne,AL,35967,"256.845.2530, Fax:256.845.7201",Reassigned 09/05/2014,NA,NA,Formerly 21st Century Custom Service; Midwest Breeders Custom Service; GENEX Custom-AL,2014-09-05T00:00:00Z
49,"Show Me Genetic Services, LLC.",Genex,8134 East State Highway C,Strafford,MO,65757,"417.736.2125, Fax:417.736.3312",Assigned 11/04/2019,NA,NA,Formerly assigned to Genex Custom Collection Service 11/25/1985; Maryland Artificial Breeding Cooperative 01/30/1974,2019-11-04T00:00:00Z
50,Sire Power Custom Freezing Service,Select Sires,NA,Tunkhannock,PA,NA,NA,Assigned 08/13/1974,End Date 01/13/2006,2006-01-13,"Formerly assigned to West Virginia Artificial Breeders Cooperative, Box 555, Frederick, MD 21701, 11/30/1974",1974-08-13T00:00:00Z
51,Ontario Swine Association,NA,P.O. Box 457,Woodstock,ON,N4S 7Y7 CANADA,519.539.5636,Assigned 12/31/1975,End Date 5/18/2006,2006-05-18,Formerly assigned to Codding Cattle Research,1975-12-31T00:00:00Z
52,Colorado State University,NA,Animal Reproduction Laboratory,Fort Collins,CO,80523,"970.491.5287, Fax:970.491.3557",Assigned 01/30/1974,End Date 03/13/2008,2008-03-13,NA,1974-01-30T00:00:00Z
53,General Genetics,NA,13811 Cypress,Sand Lake,MI,49343,616.636.5032,Assigned 1/30/1974,End Date 01/03/2006,2006-01-03,NA,NA
54,Hawkeye Breeders Service,Hawkeye Breeders,32642 Old Portland Road,Adel,IA,50003,"515.993.4711, Fax:515.993.4176",Assigned 01/30/1974,NA,NA,NA,1974-01-30T00:00:00Z
55,"International Cryo Biological Service, Inc.",NA,1935 West Country Road B-2,Saint Paul,MN,55113,NA,Assigned 1/30/1974,End Date 09/04/1980,1980-09-04,NA,NA
56,Ultimate Genetics,NA,P.O Box 314,Wheelock,TX,77882,"979.828.2248, Fax:979.828.2251",Assigned 01/30/1974,End Date 04/20/2010,2010-04-20,Formerly Medina Valley AI Laboratory,1974-01-30T00:00:00Z
57,New Breeds Industries,NA,Box 959,Manhattan,KS,66502,913.537.2914,Assigned 1/30/1974,End Date 5/18/2006,2006-05-18,NA,NA
58,Pioneer Beef Cattle Company,NA,Box 37,Johnston,IA,50323,NA,Assigned 10/01/1972,NA,NA,NA,1972-10-01T00:00:00Z
59,"Rocky Mountain Sire Services, Inc.",NA,1616 North Manila Road,Bennett,CO,80102,"303.644.3246, Fax:303.644.3554",Assigned 09/09/1977,NA,NA,Formerly assigned to Ankony Shadow Isle; Premier Breeding Center,1977-09-09T00:00:00Z
60,Alden Rose Breeding Service,NA,208 East 400 South,Jerome,ID,83338,208.324.2289,Assigned 01/30/1974, End Date 05/14/2007,2007-05-14,NA,1974-01-30T00:00:00Z
61,Soligenics Frozen Semen Service,NA,584 Thompsonville Road,Suffield,CT,6078,860.668.2602,Assigned 01/30/1974,End Date 12/16/2005,2005-12-16,NA,1974-01-30T00:00:00Z
62,Southeastern Frozen Semen Service,NA,"3522 New Berlin, Box 26088",Jacksonville,FL,32218,NA,Assigned 01/30/1974,End Date 5/18/2006,2006-05-18,NA,1974-01-30T00:00:00Z
63,"Topline AI Service, Inc.",NA,"Route 10, Galyon Lane",Knoxville,TN,37920,NA,Assigned 01/30/1974,End Date 10/05/1979,1979-10-05,NA,1974-01-30T00:00:00Z
64,West Tennessee Artificial Breeding Association,NA,Box 38,Yorkville,TN,38389,NA,Assigned 01/30/1974,End Date 05/27/1980,1980-05-27,NA,1974-01-30T00:00:00Z
65,Roy Selover Company Livestock Enterprises,NA,924 Elm Street,Modesto,CA,95351,NA,Assigned 01/30/1974,End Date 5/18/2006,2006-05-18,NA,1974-01-30T00:00:00Z
66,"BOV Imports, Inc.",NA,205 Livestock Exchange Building,Denver,CO,80216,NA,Assigned 01/30/1974,End Date 5/18/2006,2006-05-18,NA,1974-01-30T00:00:00Z
67,"Canadian Stock Breeders Service, Ltd.",NA,Box 98,Winterburn,AB,CANADA,NA,Assigned 01/30/1974,End Date 5/18/2006,2006-05-18,NA,1974-01-30T00:00:00Z
68,Chilliwack Artificial Insemination Centre,NA,10119 Kent Road,Chilliwack,BC,CANADA,NA,Assigned 01/30/1974,End Date 10/22/1979,1979-10-22,NA,1974-01-30T00:00:00Z
69,"Nova Scotia Animal Breeders Cooperative, Ltd.",NA,Route 1,Truro,NS,CANADA,902.895.1519,Assigned 01/30/1974,End Date 12/29/2005,2005-12-29,NA,1974-01-30T00:00:00Z
70,Semex Alliance,Semex Alliance,"595 County Road 44, PO Box 99",Kemptville,ON,K0G 1J0 CANADA,"613.258.5944, Fax:613.258.3719",Assigned 01/30/1974,NA,NA,"Formerly assigned to EastGen; Eastern Breeders, Inc.",1974-01-30T00:00:00Z
71,Semex Alliance,Semex Alliance,"5653 Hwy 6 North, RR #5",Guelph,ON,N1H 6J2 CANADA,"519.821.5060, Fax:519.821.7225",Assigned 01/30/1974,NA,NA,"Formerly assigned to EastGen; United Breeders, Inc.; Gencor, Inc.",1974-01-30T00:00:00Z
72,EastGen Inc.,NA,7660 Mill Road,Guelph,ON,N1H 6J1 CANADA,"519.821.2150, Fax:519.763.6582",Assigned 01/30/1974,NA,NA,"Formerly assigned to Western Ontario Breeders, Inc.; Gencor, Inc.",1974-01-30T00:00:00Z
73,Semex Alliance,Semex Alliance,875 Boulevard Laurier Quest,Ste-Madeleine,QC,J0H 1S0 CANADA,"450.774.1450, Fax:450.774.9471",Assigned 01/30/1974,NA,NA,"Formerly assigned to Centre D'Insemination Artificelle du Quebec,Inc. (CIAQ)",1974-01-30T00:00:00Z
74,Universal Genetics Ltd.,NA,P.O. Box 1348,Okotoks,AB,T1S 1B3 CANADA,403.630.4391,Assigned 01/30/1974,End Date 04/30/2007,2007-04-30,"Formerly assigned to Universal Semen Service, Ltd.",1974-01-30T00:00:00Z
75,"High Plains Genetics, LLC",NA,13171 High Plains Place,Piedmont,SD,57769,"605.787.4808, Fax:605.787.7127",Assigned 10/27/1983,NA,NA,Formerly assigned to Y Tex Corporation,1983-10-27T00:00:00Z
76,"Inguran, LLC dba STgenetics-Taurus",STgenetics,"125 Taurus Lane, P.O. Box 164",Mehoopany,PA,18629,"570.833.5513, Fax:570.833.2690",Assigned 03/22/1974,NA,NA,"Formerly assigned to Taurus Service, Inc.",1974-03-22T00:00:00Z
77,Pan American Breeders,NA,Box 818,Terrell,TX,75160,NA,Assigned 04/08/1974,End Date 5/18/2006,2006-05-18,NA,1974-04-08T00:00:00Z
78,GENEX Cooperative,Genex,522 Sheffield Road,Ithaca,NY,14850,"607.272.2011, Fax:607.272.3928","Assigned 05/02/1974; Reactivated: January, 2011",NA,NA,Formerly known as Genex Cooperative Custom Semen Service,1974-05-02T00:00:00Z
79,Northeast Frozen Semen Service,NA,P.O. Box 153,Lafayette,NC,13084,NA,Assigned 06/21/1974,End Date 5/18/2006,2006-05-18,NA,1974-06-21T00:00:00Z
80,STgenetics Canada ULC,Stgenetics,"7970 Perth Road 147, Route 4",Listowel,ON,N4W 3G9 CANADA,"519.291.9916, Fax:519.291.3532",Assigned 09/27/2005,NA,NA,"Formerly known as Cogent Canada Corp; Foundation Genetics Service, Inc.; Steele's Semen Service",2005-09-27T00:00:00Z
81,"Hybrid Vigor, Inc.",NA,NA,Buffalo Valley,TN,38548,NA,Assigned 07/16/1974,End Date 03/21/2006,2006-03-21,NA,1974-07-16T00:00:00Z
82,North Carolina State University,NA,P.O. Box 5127,Raleigh,NC,27607,NA,Assigned 07/05/1974,End Date 5/18/2006,2006-05-18,NA,1974-07-05T00:00:00Z
83,"Illini Sire Service, Inc.",NA,201 Park Street,Cornell,IL,61319,815.358.2897,Assigned 07/05/1974,End Date 5/18/2006,2006-05-18,"Formerly assigned to Bovine Cryogenics, Inc.",1974-07-05T00:00:00Z
84,Landmark Genetics Custom Freezing Business,NA,Box 939,Hughson,CA,95326,209.883.4001,Assigned 07/16/1974,End Date 03/21/2006,2006-03-21,Formerly assigned to Carnation/Genetics,1974-07-16T00:00:00Z
85,Tri-State Breeders Cooperative Custom Freezing Business,NA,NA,Westby,WI,54467,608.356.8357,Assigned 07/16/1974,End Date 03/03/2006,2006-03-03,NA,1974-07-16T00:00:00Z
86,Ozark Bull Center,NA,Route 4 Box 223,Ava,MO,65608,417.683.3894,Assigned 07/30/1974,End Date 5/18/2006,2006-05-18,NA,1974-07-30T00:00:00Z
87,Arizona Bull Center Custom Semen Freezing Service,NA,14217 North 51st Avenue,Glendale,AZ,85306,NA,Assigned 07/30/1974,End Date 5/18/2006,2006-05-18,NA,1974-07-30T00:00:00Z
88,Frontier Genetics,NA,80756 Hickey Lane,Hermiston,OR,97838,541.567.2930,Assigned 02/10/1997,End Date 03/22/2012,2012-03-22,Formerly assigned to Oasis Genetics; International Breeders Service; Gibson's Custom Collection Service,1997-02-10T00:00:00Z
89,New Brunswick Central AI Cooperative Ltd.,NA,Box 1567,Fredericton,NB,E3B 5G2 CANADA,506.454.3327,Assigned 08/20/1974,End Date 5/18/2006,2006-05-18,NA,1974-08-20T00:00:00Z
90,GENEX-Hawkeye West,Genex,3800 Duck Creek Road,Billings,MT,59101,"406.656.9034, Fax:406.656.9870",Assigned 08/13/1992,NA,NA,Formerly assigned to Hawkeye West; Big Sky Genetics,1992-08-13T00:00:00Z
91,Dependa-Bull Genetics,NA,5301 Knoxboro Road,Munnsville,NY,13409,"315.829.2250, Fax:315.829.2250",Reassigned 1/20/2012,NA,NA,Assigned 10/03/1974; End date 6/22/2020,NA
92,"AI International, Ltd.",NA,"Route 2, Box 136-E",Philomath,OR,97370,NA,Assigned 10/03/1974,End Date 5/18/2006,2006-05-18,NA,1974-10-03T00:00:00Z
93,Smith Livestock Service,NA,Box 775,Roundup,MT,59072,NA,Assigned 11/04/1974,End Date 5/18/2006,2006-05-18,NA,1974-11-04T00:00:00Z
94,ABS Global,ABS Global,"P.O. Box 459, 1525 River Road",Deforest,WI,53532,"608.846.3721, Fax:608.846.6444 or 6446",Assigned 12/02/1974; Marketing only 01/04/2018,NA,NA,"Formerly assigned to St. Jacobs ABC, Elmira, ON CANADA",1974-12-02T00:00:00Z
95,"Canadian Genetics, Ltd.",NA,Box 6,Yorktown,SK,S3N 2V6 CANADA,NA,Assigned 12/02/1974,NA,NA,Formerly assigned to Saskatchewan Artificial Breeders Cooperative Ltd.,1974-12-02T00:00:00Z
96,Hualalai Ranch & Vet Clinic Reproduction Lab,NA,"Route 1, Box 394",Holualoa,HI,96725,808.325.7112,Assigned 12/06/1974,NA,NA,NA,1974-12-06T00:00:00Z
97,CRV Holding B.V.,CRV Holding,P.O. Box 454,Arnhem 6800 AL,NA,THE NETHERLANDS,"31 26 3898522, Fax:31 26 3898591",Assigned 09/22/1997,NA,NA,NA,1997-09-22T00:00:00Z
98,Cattle Reproduction Inc.,NA,4527 88th Street,Omaha,NE,68127,NA,Assigned 03/20/1975,End Date 5/18/2006,2006-05-18,NA,1975-03-20T00:00:00Z
99,Hoffman A.I. Breeders,NA,1950 South Highway 89-91,Logan,UT,84321,"435.753.7883, Fax:435.753.2951",Assigned 03/12/1985,NA,NA,Formerly assigned to Hi Country AI,1985-03-12T00:00:00Z
100,"JLG Enterprises, Inc.",JLG Enterprises,P.O. Box 1375,Oakdale,CA,95361,"209.847.4797, Fax:209.847.5874",Assigned 04/22/1975,NA,NA,Formerly assigned to JLG Custom Freezing Service,1975-04-22T00:00:00Z
101,Johansen's Custom Collecting and Freezing Service,NA,Route 3 Box 3144,Nampa,ID,83650,NA,Assigned 04/22/1975,End Date 5/18/2006,2006-05-18,NA,1975-04-22T00:00:00Z
102,Agro Brothers Ltd.,NA,Route 2,Hamilton,ON,CANADA,NA,Assigned 04/22/1975,End Date 5/18/2006,2006-05-18,NA,1975-04-22T00:00:00Z
103,Treasure Valley Breeding Service,NA,P.O. Box 615,Meridan,ID,83642,NA,Assigned 06/06/1975,End Date 5/18/2006,2006-05-18,NA,1975-06-06T00:00:00Z
104,Newk's Semen Processing,NA,Route 1,Mount Vernon,MO,65712,NA,Assigned 02/14/1976,End Date 5/18/2006,2006-05-18,NA,1976-02-14T00:00:00Z
105,AI Breeding Service,NA,3668 Summerhill,Carson City,NV,89701,NA,Assigned 06/22/1976,End Date 5/18/2006,2006-05-18,NA,1976-06-22T00:00:00Z
106,"Nebraska Bull Service, a division of Vogler Semen Centre",Vogler Semen Centre,"38364 Road 720, P.O. Box 998",McCook,NE,69001,"308.345.2900, Fax:308.345.2632",Assigned 02/14/1977,NA,NA,NA,1977-02-14T00:00:00Z
107,AA Breeders,NA,214 Eagle Drive,McGregor,IA,52157,"563.880.2732, Fax:563.873.3180",Assigned 03/10/1977,End Date 06/18/2021,2021-06-18,"Formerly P.O. Box 161, Fayette, IA 52142",1977-03-10T00:00:00Z
108,Minnesota Valley Breeders Association,NA,Custom Collection Service,New Prague,MN,56071,612.758.4443,Assigned 05/02/1977,End Date 5/18/2006,2006-05-18,NA,1977-05-02T00:00:00Z
109,Bullnanza,NA,908 North Prairie Road,Stillwater,OK,74075,"405.377.8037, Fax:405.377.4541",Assigned REI 12/19/1977. Bullnanza 11/23/2021,End Date 11/22/2021,2021-11-22,"formerly known as Reproduction Enterprises, Inc. (REI)",1977-12-19T00:00:00Z
110,Western Herd Sires/Delta G,NA,P.O. Box 1807,Turlock,CA,95380,209.667.2323,Assigned 01/03/1978,End Date 5/18/2006,2006-05-18,NA,1978-01-03T00:00:00Z
111,Longview Marketing Inc.,NA,P.O. Box 297,Mead,CO,80542,NA,Assigned 03/02/1979,End Date 5/18/2006,2006-05-18,NA,1979-03-02T00:00:00Z
112,Ministry of Agriculture & Fisheries,NA,"Livestock Development Division, Old Harbour P.O.",Bodles,NA,"Jamaica, West Indies",NA,Assigned 02/01/1978,End Date 5/18/2006,2006-05-18,NA,1978-02-01T00:00:00Z
113,Center Insemination Porcine du Quebec,NA,"C.P. 220, St. Lambert de Levis",Beauce Nord,QC,G0S 2W0 CANADA,NA,Assigned 04/25/1978,End Date 5/18/2006,2006-05-18,NA,1978-04-25T00:00:00Z
114,Alta Genetics,Alta Genetics,P.O. Box 3608 (280212 Range Road 292A),Airdrie,AB,T4B 2B8 CANADA,"403.946.5668, Fax:403.946.5721",Assigned 08/31/1978,End Date 01/01/2020,2020-01-01,Formerly assigned to Independent Breeders Service,1978-08-31T00:00:00Z
115,Alberta Swine Breeding Center,NA,Route 2,Leduc,AB,T0E 2X2 CANADA,NA,Assigned 04/04/1979,End Date 5/18/2006,2006-05-18,NA,1979-04-04T00:00:00Z
116,Bainbrook Dairy Goat AI Center,NA,NA,Milgrove,ON,CANADA,NA,Assigned 04/04/1979,End Date 5/18/2006,2006-05-18,NA,1979-04-04T00:00:00Z
117,"International Agricultural Services, Inc.",NA,320 Judah Street,San Francisco,CA,94122,415.664.4636,Assigned 06/13/1980,End Date 5/18/2006,2006-05-18,NA,1980-06-13T00:00:00Z
118,Superior Genetics,NA,P.O. Box 189,Shandon,OH,45063,513.738.3885,Assigned 12/24/1980,End Date 05/13/2008,2008-05-13,"Formerly assigned to Ohio Breeders Supply, 2864 Chapel Road, Okeana, OH 45053",1980-12-24T00:00:00Z
119,Southern Genetic Services,NA,Route 1 Box 63-B,Poteau,OK,74953,918.647.8145,Assigned 10/23/1981,End Date 01/04/2006,2006-01-04,Formerly assigned to Southeastern Oklahoma Reproduction Services,1981-10-23T00:00:00Z
120,Zimmerman's Custom Freezing,NA,131 Red Well Road,New Holland,PA,17557,717.940.1430,Assigned 08/11/1983,NA,NA,"Formerly Better Life Research, Inc.",1983-08-11T00:00:00Z
121,"Advanced Genetics, Inc.",Select Sires,Route 2,Leesburg,ID,46538,219.453.3602,Assigned 09/19/1983,End Date 5/18/2006,2006-05-18,NA,1983-09-19T00:00:00Z
122,URUS,Urus,P.O. Box 469 (100 MBC Drive),Shawano,WI,54166,715.526.7565,Assigned 06/01/1995; Marketing only beginning 10/27/2018,NA,NA,"Formerly assigned to Alta California; Network Genetics; Spermco, Inc. (10/27/1983)",1995-06-01T00:00:00Z
123,J.N. Farnham Custom Freezing Service,NA,8338 West Glenrosa Avenue,Phoenix,AZ,85037,NA,Assigned 01/14/1984,End Date 5/18/2006,2006-05-18,NA,1984-01-14T00:00:00Z
124,"Texas Breeders Service, Inc.",NA,P.O. Box 1635,San Marcos,TX,78667,512.357.6162,Assigned 02/06/1984,End Date 5/18/2006,2006-05-18,Formerly assigned to Genetic Resources,1984-02-06T00:00:00Z
125,Southeastern Reproduction Center,NA,"Route 3, Box 216",Graceville,FL,32440,904.263.6983,Assigned 04/19/1984,End Date 5/18/2006,2006-05-18,NA,1984-04-19T00:00:00Z
126,Price's Embryo Genetics,NA,1601 East Second Street,Rosewell,NM,88201,505.622.2181,Assigned 04/24/1984,End Date 5/18/2006,2006-05-18,NA,1984-04-24T00:00:00Z
127,Palouse Embryonics,NA,NW 2105 Friel,Pullman,WA,99163,NA,Assigned 06/25/1984,End Date 5/18/2006,2006-05-18,NA,1984-06-25T00:00:00Z
128,"CryovaTech International, Inc.",NA,"Route 5, Box 48, Hwy 35 North",River Falls,WI,54022,715.425.6661,Assigned 09/07/1984,End Date 5/18/2006,2006-05-18,NA,1984-09-07T00:00:00Z
129,"Vogler Semen Centre Lab, Inc.",Vogler Semen Centre,27104 Church Road,Ashland,NE,68003,"402.944.2584, Fax:402.944.2758",Assigned 09/11/1984,NA,NA,Formerly assigned to Semen Centre,1984-09-11T00:00:00Z
130,National Breeding Company,NA,27765 Case Road,Wauconda,IL,60084,312.526.8310,Assigned 11/21/1984;,End Date 5/18/2006,2006-05-18,NA,1984-11-21T00:00:00Z
131,Majestic Bovines,NA,P.O. Box 166,Elberta,UT,84626,801.667.3333,Assigned 01/29/1985,End Date 04/12/2006,2006-04-12,NA,1985-01-29T00:00:00Z
132,Leprechaun Genetics,NA,18116 Garden Valley Road,Marengo,IL,60152,815.568.8398,Assigned 04/09/1985,End Date 5/18/2006,2006-05-18,NA,1985-04-09T00:00:00Z
133,"Dr. Barry Hays, DVM",NA,P.O. Box 877,Shelbyville,KY,40065,502.633.4338,Assigned 05/20/1985,End Date 5/18/2006,2006-05-18,NA,1985-05-20T00:00:00Z
134,Kentucky Bovine Services,NA,"Route 6 Box 2, TJ Road",Leitchfield,KY,42654,NA,Assigned 06/26/1985,End Date 5/18/2006,2006-05-18,NA,1985-06-26T00:00:00Z
135,Southern Genetics,NA,P.O. Box 141,Shady Dale,GA,31085,404.468.2188,Assigned 07/01/1985,NA,NA,NA,1985-07-01T00:00:00Z
136,DJR Collection Service,NA,P.O. Box 446,Irrigon,OR,97844,503.922.4342,Assigned 08/13/1985,End Date 5/18/2006,2006-05-18,NA,1985-08-13T00:00:00Z
137,Nichols Cryo-Genetics,NA,11745 NE 112th Street,Maxwell,IA,50161,"515.967.5311, Fax:515.967.5378",Assigned 07/12/1999,NA,NA,Formerly assigned to Iowa State University,1999-07-12T00:00:00Z
138,Interglobe Sire Service,NA,14814 North 1500 East Road,Pontiac,IL,61764,"815.844.3733, Fax:815.844.3552",Assigned 11/12/1985,NA,NA,Formerly known as Interglobe Genetics 1985-3/31/2020,1985-11-12T00:00:00Z
139,Progressive Genetics,NA,P.O. Box 1378,Bartow,FL,33830,NA,Assigned 12/26/1985,End Date 5/18/2006,2006-05-18,NA,1985-12-26T00:00:00Z
140,Genetic Connection,NA,5001 County Line Road,Springfield,OH,45502,"937.399.1201, Fax:937.399.8789",Assigned 09/25/2004,End Date 04/25/2012,2012-04-25,Formerly Sire Technology International,2004-09-25T00:00:00Z
141,"Granada Sire Services, Inc.",NA,P.O. Box 99,Wheelock,TX,77882,409.828.5156,Assigned 03/24/1986,End Date 5/18/2006,2006-05-18,NA,1986-03-24T00:00:00Z
142,Sire Services,NA,6248 Ramona Street,Rancho Cucamonga,CA,91701,NA,Assigned 04/28/1986,End Date 5/18/2006,2006-05-18,NA,1986-04-28T00:00:00Z
143,"Purebred Embryos Company, Inc.",NA,3927 Green Valley Drive,Bryan,TX,77802,409.822.5922,Assigned 08/11/1986,End Date 5/18/2006,2006-05-18,NA,1986-08-11T00:00:00Z
144,Custom Cryogenics,NA,P.O. Box 1122,Oakdale,CA,95361,209.847.7112,Assigned 09/12/1986,End Date 5/18/2006,2006-05-18,NA,1986-09-12T00:00:00Z
145,Powell Genetic Services,NA,"Route 2, Box 107",Howard,SD,57349,NA,Assigned 03/09/1987,End Date 5/18/2006,2006-05-18,NA,1987-03-09T00:00:00Z
146,Premier Veterinary Services,NA,P.O. Box 607,Shelbyville,KY,40065,NA,Assigned 04/20/1987,End Date 5/18/2006,2006-05-18,NA,1987-04-20T00:00:00Z
147,Androgenics,NA,"11240 26 Mile Road, P.O. Box 183",Oakdale,CA,95361-0183,"209.847.1101, Fax:209.847.5711",Assigned 12/16/1987,NA,NA,NA,1987-12-16T00:00:00Z
148,"Greater Northern Genetics International, Ltd.",NA,Route 2 Box 13A,Kathryn,ND,58049,701.762.4469,Assigned 02/08/1988,End Date 5/18/2006,2006-05-18,NA,1988-02-08T00:00:00Z
149,Rocky Mountain Bovine Reproduction Center,NA,13601 North Washington Street,Denver,CO,80233,970.522.9011,Assigned 02/10/1988,End Date 5/18/2006,2006-05-18,NA,1988-02-10T00:00:00Z
150,Pacific International Genetics,NA,25725 68th Avenue,Los Molinos,CA,96055,530.529.0703,Assigned 02/17/1988,End Date 5/18/2006,2006-05-18,"Formerly Equine Veterinary Services, POB 1097, Half Moon Bay, CA 94019",1988-02-17T00:00:00Z
151,"Inguran, LLC, dba STgenetics-FDL",STgenetics,W7652 Hwy 151 South,Fond du Lac,WI,54937,"920.921.6029, Fax:920.286.6057",Assigned 05/02/1988,NA,NA,"Formerly TransWorld Genetics;Complete Sire Services, Inc.",1988-05-02T00:00:00Z
152,Apex Genetics,NA,1600 East Williams Street,Apex,NC,27539,919.362.8878,Assigned 05/03/1988,End Date 5/18/2006,2006-05-18,NA,1988-05-03T00:00:00Z
153,"Southeastern Semen Services, Inc.",NA,16878 45th Road,Wellborn,FL,32094,"386.963.5916, Fax:386.963.4319",Assigned 12/08/1988,NA,NA,NA,1988-12-08T00:00:00Z
154,Elgin Breeding Service,Elgin Breeding Service,"P.O. Box 68, 875 Central Avenue",Elgin,TX,78621,"512.285.2019, Fax:512.285.9683",Assigned 03/03/2006,NA,NA,32884,2006-03-03T00:00:00Z
155,Clarks Custom Collection,NA,W1211-178 Riverview Drive,Sullivan,WI,53178,NA,Assigned 08/25/1989,End Date 5/18/2006,2006-05-18,NA,1989-08-25T00:00:00Z
156,Cottage Farm Genetics,NA,971 Old Bells Road,Jackson,TN,38305,"731.664.7400, Fax:731.664.6258",Assigned 01/20/1990,NA,NA,NA,1990-01-20T00:00:00Z
157,"Great Plains Breeders Service, Inc.",NA,"P.O. Box 468, 6470 US Highway 83",Shamrock,TX,79079,"806.256.5414, Fax:806.256.3517",Assigned 06/18/1990,NA,NA,NA,1990-06-18T00:00:00Z
158,"Galaxie Genetics Reproductive Center, Inc.",NA,4173 Lyman Drive,Hilliard,OH,43026,"614.777.9550, Fax:614.777.9698",Assigned 06/22/1990,End Date 03/22/2012,2012-03-22,NA,1990-06-22T00:00:00Z
159,"Special Sires, Inc.",Semex Alliance,"131 Zook Mill Rd.,P.O. Box 487",Brownstown,PA,17508-0487,717.399.6445,Assigned 08/07/1990,End Date 5/18/2006,2006-05-18,NA,1990-08-07T00:00:00Z
160,Genetics Australia Cooperative Society Limited,NA,4104 Geelong-Bacchus Marsh Road,Parwan,VIC,3340 AUSTRALIA,61 3 5367 3888,Assigned 01/14/1998; Reassigned 02/19/2013,NA,NA,Formerly Victorian Artificial Breeders Cooperative Society,1998-01-14T00:00:00Z
161,Excel Breeders International,NA,Box 2353,Bismarck,ND,58502-2353,701.663.0724,Assigned 09/25/1991,End Date 5/18/2006,2006-05-18,Formerly assigned to Western Breeders International,1991-09-25T00:00:00Z
162,GB Genetics COFA SRL,NA,Via Orezola,Sospiro-CR,NA,26048 ITALY,39 0372 623293,Assigned 11/05/1992,NA,NA,Formerly known as COFA (Cooperativa di Fecondazione Artificiale),1992-11-05T00:00:00Z
163,"Ambreez, NZ, Ltd.",NA,P.O. Box 176,Hamilton,NA,New Zealand,64 78275058,Assigned 11/09/1992,End Date 5/18/2006,2006-05-18,NA,1992-11-09T00:00:00Z
164,Kvaegavlsforeningen Fyn,NA,Orbaekvej 276,Odense,NA,SO 5220 DENMARK,45 6615 7333,Assigned 11/17/1992,End Date 5/18/2006,2006-05-18,NA,1992-11-17T00:00:00Z
165,Hampshire Cattle Breeder's Society,NA,AI Centre,"Lyndhurst, Hampshire",NA,SO43 7NN ENGLAND,44 0703 283606,Assigned 12/07/1992,End Date 5/18/2006,2006-05-18,NA,1992-12-07T00:00:00Z
166,Pecplan Bradesco Inseminacao Artificial LTDA,NA,Cidade de Deus-Villa Yara,"Osasco, Sao Paulo",NA,06029-900 BRAZIL,55 11 704 5744,Assigned 12/09/1992,End Date 5/18/2006,2006-05-18,NA,1992-12-09T00:00:00Z
167,Animal Fertility Service,NA,80034 Kenzie Road,Covington,LA,70433,504.893.3839,Assigned 03/19/1993,End Date 5/18/2006,2006-05-18,NA,1993-03-19T00:00:00Z
168,Double D Genetics,NA,"HCR 67, Box 30E",Kenedy,TX,78119,210.583.9967,Assigned 05/03/1993,End Date 5/18/2006,2006-05-18,NA,1993-05-03T00:00:00Z
169,Centre d'Insemination Ovine du Quebec (CIOQ),NA,"198 Avenue Industrielle, CP 1539",LaPocatiere,QC,CANADA,418.856.5422,Assigned 05/20/1993,End Date 5/18/2006,2006-05-18,NA,1993-05-20T00:00:00Z
170,Holland Genetics,NA,P O Box 5073,Arnhem,NA,6802 FB THE NETHERLANDS,31 2 63864100,Assigned 03/31/1994,End Date 5/18/2006,2006-05-18,NA,1994-03-31T00:00:00Z
171,Zuid-Oost Genetics,NA,P O Box 79,Lochem,NA,7240 AB THE NETHERLANDS,31 0573 38100,Assigned 03/31/1994,End Date 5/18/2006,2006-05-18,NA,1994-03-31T00:00:00Z
172,"Coop ""Land Van Cuijk""",NA,Dr. Moonsweg 5,Beers,NA,5437 BG THE NETHERLANDS,31 8850 12754,Assigned 03/31/1994,End Date 5/18/2006,2006-05-18,NA,1994-03-31T00:00:00Z
173,Tyrestation Skaerup,NA,Helleskovvej 3A,Vildbjerg,NA,7480 DENMARK,45 9713 2382,Assigned 08/12/1994,End Date 5/18/2006,2006-05-18,NA,1994-08-12T00:00:00Z
174,Osnabrucker Herdbuch,NA,Fockinghausen,Melle,NA,49324 GERMANY,49 5422 9870,Assigned 08/19/1994,End Date 5/18/2006,2006-05-18,NA,1994-08-19T00:00:00Z
175,South Texas Breeding Service,ABS Global,"HCR 67, Box STBS",Kenedy,TX,78119,"210.583.3496, Fax:830.583.3518",Assigned 12/15/1994,End Date 5/18/2006,2006-05-18,NA,1994-12-15T00:00:00Z
176,Haliba,NA,Route D'Obourg 65,Mons,NA,7000 BELGIUM,32 6536 2302,Assigned 12/16/1994,End Date 5/18/2006,2006-05-18,NA,1994-12-16T00:00:00Z
177,C.I.A. Linllalux,NA,Rue des Champs Elysees 18,Ciney,NA,B5590 BELGIUM,32 83 215795,Assigned 12/16/1994,End Date 5/18/2006,2006-05-18,NA,1994-12-16T00:00:00Z
178,"Roberts Cattle Services, Inc.",NA,6028 Victoria Lane,Billings,MT,59106,406.652.3900,Assigned 02/02/1995,End Date 03/01/2006,2006-03-01,NA,1995-02-02T00:00:00Z
179,Great Lakes Sire Service,NA,723 Himebaugh Road,Bronson,MI,49028,"269.489.9888, Fax:269.489.5658",Assigned 03/09/1995,NA,NA,NA,1995-03-09T00:00:00Z
180,EVOLUTION,Synetics,Rue Eric Tabarly-CS 10040,Noyal Sur Vilaine Cedex,NA,35538 FRANCE,33 2 99 87 90 90,Assigned 05/18/1995,NA,NA,Formerly known as CREAVIA SAS or SERSIA France; Formerly assigned to OGER-Ouest Genetique Elevage Reproduction,1995-05-18T00:00:00Z
181,Rocky Ridge Cattle Services,NA,"Box 181, Evans Ranch of Rocky Ridge",Raynesford,MT,59469,406.738.4316,Assigned 07/24/1995,End Date 5/18/2006,2006-05-18,NA,1995-07-24T00:00:00Z
182,Genes Diffusion,NA,"B.P. 70023, 3595 Route de Tournai",Douai Cedex,NA,59501 FRANCE,"33 3 2799 2929, Fax:33 3 2788 0927",Assigned 09/11/1995,NA,NA,NA,1995-09-11T00:00:00Z
183,Origenplus,NA,50 rue Joseph Guillonneau,Lisieux,NA,14100 FRANCE,"33 231 62 0855, Fax:33 231 62 2412",Assigned 12/08/1995,End Date 05/16/2018,2018-05-16,Formerly known as DYNAM'IS. Formerly assigned to UNOG-Union Nord-Ouest Genetique,1995-12-08T00:00:00Z
184,RUW (Rinder-Union West e.G.),NA,Schiffahrter Damm 235A,Munster,NA,48147 GERMANY,"49 251 92 88 0, Fax:49 251 92 88 236",Assigned 12/21/1995,NA,NA,NA,1995-12-21T00:00:00Z
185,VOST (Verein Ostfriesischer Stammviehzuchter e.G.,NA,Nessestrabe 1,Leer,NA,26789 GERMANY,"49 491 80040, Fax:49 491 800422",Assigned 02/20/1996,NA,NA,NA,1996-02-20T00:00:00Z
186,Holbrook Breeders Australia,NA,109 Albury Street,Holbrook,NSW,2644 AUSTRALIA,"61 260 36 3149, Fax:61 260 36 3506",Assigned 02/27/1996,NA,NA,NA,1996-02-27T00:00:00Z
187,"Total Livestock Genetics Victoria, Pty Ltd.","Total Livestock Genetics, Pty Ltd.",P.O. Box 105,Camperdown,VIC,3260 AUSTRALIA,"61 0355 932016, Fax:61 0355 932630",Assigned 03/08/1996,NA,NA,NA,1996-03-08T00:00:00Z
188,Belmont Breeders,NA,Box 391,Intercourse,PA,17534,"717.808.4907, Fax:717.768.8553",Assigned 05/30/1996,End Date 01/23/2006,2006-01-23,NA,1996-05-30T00:00:00Z
189,Reproductive Progress,NA,175 Gibbons Place,Athens,GA,30605,706.546.7005,Assigned 06/07/1996,End Date 5/18/2006,2006-05-18,NA,1996-06-07T00:00:00Z
190,Livestock Improvement Corporation Ltd.,NA,"Corner Ruakura/Morrinsville Roads, Newstead, Private Bag 3016",Hamilton,NA,3240 NEW ZEALAND,"64 7 8560 584, Fax:64 7 856 2963",Assigned 09/10/1996,NA,NA,NA,1996-09-10T00:00:00Z
191,Central Wisconsin Semen Freezing Service,NA,545 NE Plum Avenue,Earlham,IA,50072,NA,Assigned 10/31/1996,End Date 03/14/2011,2011-03-14,NA,1996-10-31T00:00:00Z
192,France Embryon,NA,BP 24,Montrond-Les-Bains,NA,42210 FRANCE,"33 7736 3444, Fax:33 7736 3449",Assigned 12/20/1996,End Date 02/11/2008,2008-02-11,NA,1996-12-20T00:00:00Z
193,Columbia Animal Hospital,NA,1409 Highway 98 East,Columbia,MS,39425,"601.736.3041, Fax:601.731.2320",Assigned 07/10/1997,End Date 5/18/2006,2006-05-18,NA,1997-07-10T00:00:00Z
194,Semex Hungary Ltd.(Genbank),Semex Alliance,"H-5820 Mezohegyes, POB 24",Kulterulet,NA,0646/15 hrsz HUNGARY,"36 68 566 200, Fax:36 68 566 209",Assigned 08/08/1997,NA,NA,NA,1997-08-08T00:00:00Z
195,Alta Genetics,Alta Genetics,Zijlsterweg 4,Feerwerd,NA,9892 PK THE NETHERLANDS,"31 5955 26666, Fax:31 5955 26667",Re-assigned 07/17/2014,NA,NA,Formerly assigned to AltaPon,2014-07-17T00:00:00Z
196,Swissgenetics/AI Center Muelligen,NA,Hauptstrasse 61,Muelligen,NA,CH-5243 SWITZERLAND,"41 56 201 4550, Fax:41 56 201 4560",Assigned 09/12/1997,NA,NA,NA,1997-09-12T00:00:00Z
197,Swiss Federation for Artificial Insemination,NA,AI Center Buetschwill,St. Gallen,NA,CH-9606 SWITZERLAND,"41 71 983 2311, Fax:41 71 983 3970",Assigned 09/12/1997,End Date 02/07/2006,2006-02-07,NA,1997-09-12T00:00:00Z
198,INTERMIZOO S.p.a.,NA,"Via Po, 21",Padova,NA,35135 ITALY,"39 49 872 4757, Fax:39 49 872 4868",Assigned 03/19/1998,NA,NA,NA,1998-03-19T00:00:00Z
199,Inseme SPA,Inseme,Centro Tori-Frazione,"Zorlesco, Casalpusterlengo (Lo)",NA,26841 ITALY,"39 377 831204, Fax:39 377 831204",Assigned 03/26/1998,NA,NA,Formerly known as ELPZOO,1998-03-26T00:00:00Z
200,Semex Alliance,Semex Alliance,5653 Highway 6 North,Guelph,ON,N1G 3Z2 CANADA,"519.821.5060, Fax:519.821.9606",Assigned 05/28/1997,NA,NA,"Partners include BCAI, CIAQ, EBI and Gencor",1997-05-28T00:00:00Z
201,AI Station Lithor,NA,Agrovysocina a.s. Horniulice 30,Zdar nad Sazavou,NA,591 01 CZECH REPUBLIC,"42 0617 420 289, Fax:42 0617 420 289",Assigned 02/12/1998,End Date 5/18/2006,2006-05-18,NA,1998-02-12T00:00:00Z
202,Masterrind GmbH,NA,Osterkrug 20,Verden,NA,27283 GERMANY,"49 4231 6790, Fax:49 4231 679780",Assigned 04/03/1998,NA,NA,NA,1998-04-03T00:00:00Z
203,"Inguran,LLC dba STgenetics-NAV",STgenetics,22575 State Highway 6 South,Navasota,TX,77868,"936.870.3960, Fax:936.870.3963",Assigned 04/03/1998,NA,NA,"Formerly Genetic Resources International; Formerly Technological Advances in Farm Animals, College Station, TX",1998-04-03T00:00:00Z
204,Triple Crown Sires,NA,1815 Summit Drive NE,Rochester,MN,55901,"507.282.7451, Fax:507.280.4400",Assigned 04/24/1998,End Date 04/19/2013,2013-04-19,Formerly Excalibur Sires,1998-04-24T00:00:00Z
205,Hunters Bamawm Bull Farm & Semen Collections (HBBS),NA,24 Vise Road,Bamawm,VIC,3561 AUSTRALIA,"61 35 428 5056 72, Fax:61 35 486 2443",Assigned 05/05/1998,End date 03/31/2009,2009-03-31,NA,1998-05-05T00:00:00Z
206,"Inseme, SPA",Inseme,Via Maremmana N. 17 A/C,La Serra di San Miniato (PISA),NA,56024 ITALY,"39 0571 41541, Fax:39 0571 460259",Assigned 05/07/1998,NA,NA,Formerly known as CIZ,1998-05-07T00:00:00Z
207,Rinderbesamungs-Genossenschaft Memmingen,NA,NA,Memmington,NA,87700 GERMANY,"49 8331 63026, Fax:49 8331 61579",Assigned 07/17/1998,End Date 5/18/2006,2006-05-18,NA,1998-07-17T00:00:00Z
208,"Dairy Cattle Improvement Center,National Agricultural Cooperative Federation-Agribusiness Group",NA,"233-127 Seosamneung-gil, Deogyang-gu, Goyang-si",Gyeonggi-do,NA,KOREA,"82 31 929 1080, Fax:82 31 929 1090",Assigned 10/14/1998,NA,NA,NA,1998-10-14T00:00:00Z
209,RinderAllianz GmbH (formerly RMV),NA,Am Bullenberg 1,Woldegk,NA,17348 GERMANY,"49 3963 25590, Fax:49 3963 255926",Assigned 10/20/1998,NA,NA,NA,1998-10-20T00:00:00Z
210,Inseme SPA,Inseme,"Via Cadiane 181, 41126 Saliceta S. Giuliano",Modena,NA,ITALY,"39 59 51 4611, Fax:39 59 51 4697",Assigned 11/30/1998,End Date 05/01/2013,2013-05-01,Formerly known as SemenItaly,1998-11-30T00:00:00Z
211,"Emtech Genetics Saskatchewan, Ltd.",NA,Box 148,Hague,SK,S0K 1X0 CANADA,"306.225.2261, Fax:306.225.4412",Assigned 01/04/1999,NA,NA,NA,1999-01-04T00:00:00Z
212,Alpenseme-Federazione Prov. Le Allevatori-Trento,NA,"Via Castello, Number 10","Toss, Di Ton",NA,38010 ITALY,"39 0461 432131, Fax:39 0461 432110",Assigned 05/19/1999,NA,NA,NA,1999-05-19T00:00:00Z
213,Agire,NA,BP 32,Versun,NA,14790 FRANCE,"33 023 180 7192, Fax:33 023 180 1709",Assigned 06/29/1999,End Date 5/18/2006,2006-05-18,NA,1999-06-29T00:00:00Z
214,Interselection Normande,NA,38 Rue de la Merilliere,L'Aigle,NA,61300 FRANCE,"33 0233 844884, Fax:33 0233 844890",Assigned 06/29/1999,End Date 04/30/2014,2014-04-30,NA,1999-06-29T00:00:00Z
215,Plemenari Brno,NA,Osvobodiletu,Zlin,NA,1370 CZECH REPUBLIC,"42 05 412 15400, Fax:42 06 21 322303",Assigned 11/04/1999,End Date 5/18/2006,2006-05-18,NA,1999-11-04T00:00:00Z
216,Rosethyme Farm,NA,31987 US 54,Logan,NM,88426,505.487.4628,Assigned 01/06/2000,End date 05/14/2007,2007-05-14,NA,2000-01-06T00:00:00Z
217,EVA Jura,NA,Route de Lons,"Crancot, Hauteroche",NA,39570 FRANCE,"33 0384 482211, Fax:33 0384 482515",Assigned 08/02/2000,NA,NA,Formerly known as Jura-Betail,2000-08-02T00:00:00Z
218,Inseme SPA,Inseme,Via Masaccio 11 Mancasale,Reggio Emilia,NA,42124 ITALY,"39 522 271262, Fax:39 522 271264",Assigned 08/21/2000,NA,NA,Formerly known as Genetica 2000,2000-08-21T00:00:00Z
219,Centro Provinciale per la Fecondazione Artificiale,NA,Via Leopoldo Pilla 28 Curatone,Mantova,NA,46010 ITALY,"39 0376 349027, Fax:39 0376 349365",Assigned 08/21/2000,End Date 5/18/2006,2006-05-18,NA,2000-08-21T00:00:00Z
220,Cooperative Agricole D'Insemination Artificielle de Crehen UNECO,NA,BP 19,Crehen,NA,22130 FRANCE,33 296 594040 Fax:33 26 894050,Assigned 06/26/1995,End Date 03/13/2008,2008-03-13,NA,1995-06-26T00:00:00Z
221,"ABS Australia ""Langiballa""",ABS Global,Olympic Way,Table Top,NSW,2642 AUSTRALIA,"61 02 6049 9200, Fax:61 02 6026 2387",Assigned 08/28/2000,End Date: 12/10/2007,2007-12-10,NA,2000-08-28T00:00:00Z
222,KI Samen b.v.,NA,"Lorbaan 27, Grashoek, NX 5985, Postbus 7171",Grashoek,NA,AD 5980 THE NETHERLANDS,"31 77 358 6789, Fax:31 77 307 7133",Assigned 02/28/1997,NA,NA,NA,1997-02-28T00:00:00Z
223,CBS Genetics s.r.o.,NA,Komenskeho 221,Grygov,NA,783 73 CZECH REPUBLIC,"42 0585 425 005, Fax:42 0585 413 387",Assigned 09/19/2000,NA,NA,Formerly known as Genoservis CBS (Czech Breeding Service),2000-09-19T00:00:00Z
224,Cogent Breeding Ltd.,NA,"Beachin Stud, Lea Lane","Alford, Chester",NA,"CH3 6JQ, UNITED KINGDOM","44 1244 622000, Fax:44 1244 620373",Assigned 09/27/2000,NA,NA,NA,2000-09-27T00:00:00Z
225,Natural SPOL-SRO,NA,"Chovatelu 413,",Hradistko pod Mednikem,NA,252 09 CZECH REPUBLIC,"42 0257 740 348, Fax:42 0257 740 550",Assigned 11/03/2000,NA,NA,NA,2000-11-03T00:00:00Z
226,RSH (Rinderzucht Schleswig-Holstein eG),NA,Rendsburger Str 178,Neumunster,NA,24537 GERMANY,"49 4321 905 300, Fax:49 4321 905 395",Assigned 01/15/2001,NA,NA,NA,2001-01-15T00:00:00Z
227,Collecta-Bull Services/Davis Family Farm,NA,416 Willow Brook Road,Clinton Corners,NY,12514,"845.204.9065, Fax:845.868.7230",Assigned 01/12/2001,End Date: 06/25/2019,2019-06-25,NA,2001-01-12T00:00:00Z
228,Viking Genetics,Viking Genetics,Korpikylantie 77,Hollola,NA,FI-15871 FINLAND,"45 7355 2523, Fax:45 7483 5367",Assigned 02/26/2001,NA,NA,NA,2001-02-26T00:00:00Z
229,Circle J Custom Collecting,NA,10919 Hwy 42,Newton,WI,53063,920.627.0037,Assigned 09/07/2001,End Date 02/15/2011,2011-02-15,NA,2001-09-07T00:00:00Z
230,RSA (Rinderzuchtverband Sachsen-Anhalt eG),NA,BahnhofstraBe 32,Stendal,NA,39576 GERMANY,"49 3931 6964 0, Fax:49 3931 2129 32",Assigned 05/09/2002,End Date 02/02/2017,2017-02-02,NA,2002-05-09T00:00:00Z
231,RPN (Rinderproduktion Niedersachsen Gmbh),NA,Bremen-Hanover,"Verden (Aller), Niedersachsen",NA,27283 GERMANY,"49 4231 6795, Fax:49 4231 679780",Assigned 05/09/2002,End Date 05/15/2008,2008-05-15,NA,2002-05-09T00:00:00Z
232,RBB (Rinderproduktion Berlin-Brandenburg GmbH),NA,Lehniner StraBe 9,GroB Kreutz (Havel),NA,14550 GERMANY,"49 33207 5330, Fax:49 333207 533 199",Assigned 05/09/2002,NA,NA,NA,2002-05-09T00:00:00Z
233,WEU (Weser-EMS-Union eG),NA,"Feldlinie 2A, BAD",Zwischenahn,NA,26160 GERMANY,"49 4403 9326 10, Fax:49 4403 9326 13",Assigned 05/09/2002,End Date 01/22/2014,2014-01-22,NA,2002-05-09T00:00:00Z
234,Qnetics GmbH (formerly LTR),NA,"Stotternheimer, Str. 19",Erfurt,NA,99087 GERMANY,"49 361 77974 0, Fax:49 361 77974 44",Assigned 05/09/2002,NA,NA,NA,2002-05-09T00:00:00Z
235,"Aberekin, S.A.",NA,"Parque Tecnologico, Edificio 600",Derio-Bizkaia,NA,48160 SPAIN,"34 94 454 1577, Fax:34 94 454 0878",Assigned 05/20/2002,NA,NA,NA,2002-05-20T00:00:00Z
236,Viking Genetics,Viking Genetics,Ebeltoftvej 16 Assentoft,Randers,NA,DK-8960 DENMARK,"45 8795 9435, Fax:45 8795 9401",Assigned 06/19/2002,NA,NA,NA,2002-06-19T00:00:00Z
237,"ORIgen, Inc.",NA,10 West Arrow Creek Road,Huntley,MT,59037,"406.348.2345, Fax:406.348.2346",Assigned 10/07/2002,NA,NA,NA,2002-10-07T00:00:00Z
238,Global Genetics and Biologicals,NA,4011 SH47,Bryan,TX,77807,"979.822.4000, Fax:979.822.4022",Assigned 11/20/2002,End Date 03/06/2007,2007-03-06,NA,2002-11-20T00:00:00Z
239,Besamungsverein Neustadt a.d. Aisch e.V.,NA,Karl Eibl-Str. 17-27,Neustadt a.d. Aisch,NA,D-91413 GERMANY,"49 09161 787300, Fax:49 09161 7874301",Assigned 12/19/2002,End Date 01/01/2015,2015-01-01,NA,2002-12-19T00:00:00Z
240,GENSUR Ltda.,NA,Nueva York 1690,Montevideo,NA,CP 11800 URUGUAY,"598 29246655, Fax:598 29290260",Assigned 12/19/2002,NA,NA,NA,2002-12-19T00:00:00Z
241,USDA ARID Goat Breeding and Research Center,NA,"Highway 1, Yeghegnadzor",Vayots Dzor Marz,NA,ARMENIA,"7 3741 28 2697, Fax:7 3741 58 7928",Assigned 01/02/2003, End Date 01/09/2006,2006-01-09,NA,2003-01-02T00:00:00Z
242,Nederlandse Vereniging voor KI Kampen,NA,"De Besel, Dalfsen",Overijssel,NA,"7722 PD, THE NETHERLANDS","31 529 431967, Fax:31 529 434979",Assigned 01/24/2003,End Date 02/06/2006,2006-02-06,NA,2003-01-24T00:00:00Z
243,Optimum Genetics Ltd.,NA,"4246 Albert Street, Suite 407",Regina,SK,S4S 3R9 CANADA,"306.585.1234, Fax:306.585.7607",Assigned 02/04/2003,End Date 05/14/2007,2007-05-14,NA,2003-02-04T00:00:00Z
244,Xenetica Fontao S.A.,NA,"Fontao-Esperante, Apartado de Correos 128",Lugo,NA,27080 SPAIN,"34 982 28 4391, Fax:34 982 28 4626",Assigned 04/10/2003,NA,NA,NA,2003-04-10T00:00:00Z
245,Centro Tori Chiacchierini Di Chiacchierini Anna,NA,"Strada Del Richiavo 21/A, Civitella D'Arna",Perugia,NA,06134 ITALY,"39 075 602726, Fax:39 075 602799",Assigned 05/03/2004,NA,NA,NA,2004-05-03T00:00:00Z
246,CIA de Muerthe & Moselle UNECO,NA,"Chemin de Gerardcourt, Laneuveville devant Nancy",Meurthe & Moselle,NA,54410 FRANCE,"33 383 5102, Fax:33 8353 3754",Assigned 07/20/2004,End Date 5/18/2006,2006-05-18,NA,2004-07-20T00:00:00Z
247,CIA Mayenne UNECO,NA,406 rue de Normandie,Mayenne,NA,53100 FRANCE,"33 243 041010, Fax:33 243 048144",Assigned 07/20/2004,End Date 5/18/2006,2006-05-18,NA,2004-07-20T00:00:00Z
248,CIA des Vosges et de la Haute Marne UNECO,NA,8 route de Gerardmer,Epinal Vosges,NA,88000 FRANCE,"33 329 81 1590, Fax:33 329 81 1599",Assigned 07/20/2004,End Date 5/18/2006,2006-05-18,NA,2004-07-20T00:00:00Z
249,Viking Genetics,Viking Genetics,PO Box 64,SE 532 21 Skara,NA,SWEDEN,"46 511 26700, Fax:46 511 26707",Assigned 09/02/2004,NA,NA,NA,2004-09-02T00:00:00Z
250,"Select Sires, Inc.",Select Sires,11740 U.S. 42 North,Plain City,OH,43064,"614.873.4683, Fax:614.873.6073",Marketing Only 01/01/2017,NA,NA,"Formerly known as Sire Lodge, Inc.; Genervations - assigned 09/17/2003 - end date 12/31/2016",2017-01-01T00:00:00Z
251,CIA Alsace Genetique/UNECO,NA,Moulin Goepp,Brumath Bas-Rhin,NA,67170 FRANCE,"33 388 511166, Fax:33 388 519392",Assigned 09/13/2004,End Date 05/13/2008,2008-05-13,NA,2004-09-13T00:00:00Z
252,Geno AI Center,Geno AI Center,Ekebergveien 54,Stange,NA,N-2335 NORWAY,47 95 02 0600,Assigned 06/03/2005,NA,NA,NA,2005-06-03T00:00:00Z
253,GEN'IATEST,NA,4 rue des Epiceas,Roulans,NA,25640 FRANCE,"33 3 81 63 28 28, Fax:33 3 81 63 28 29",Assigned 02/14/2006,NA,NA,NA,2006-02-14T00:00:00Z
254,"Dakota Sire Service, Inc.",NA,40275 257th Street,Mitchell,SD,57301,"605.996.9100, Fax:605.995.0611",Assigned 10/18/2005,End Date 02/22/2008,2008-02-22,NA,2005-10-18T00:00:00Z
255,"UK Sire Services, LTD",NA,"Venton Stud, Tigley",Totnes,NA,TQ9 6DP UNITED KINGDOM,"44 1803 863560, Fax:44 1803 863560",Assigned 01/05/2006,NA,NA,NA,2006-01-05T00:00:00Z
256,COOPEX,NA,"61, Chemin des Hoteaux",Brindas,NA,69126 FRANCE,"33 4 72 38 31 72, Fax:33 4 72 38 31 70",Assigned 02/14/2006,NA,NA,Formerly known as  U. C.EA.R. (Union des Cooperatives d'Elevage Alpes Rhone,2006-02-14T00:00:00Z
257,MIDA TEST,NA,les Nauzes,Souai,NA,81580 FRANCE,"33 563 82 52 75, Fax:33 563 75 54 59",Assigned 02/14/2006,End Date 04/14/2020,2020-04-14,NA,2006-02-14T00:00:00Z
258,Cooperative des Eleveurs du Pays Vert,NA,BP 419,Aurillac,NA,15004cdx FRANCE,"33 471 46 26 00, Fax:33 471 46 26 03",Assigned 02/14/2006,End Date 04/14/2020,2020-04-14,NA,2006-02-14T00:00:00Z
259,Elgin Breeding Service/West,Elgin Breeding Service,"P.O. Box 696, Highway 48-107 Cora Dutton Road",Capitan,NM,88316,"575.354.2929, Fax:575.354.2942",Assigned 03/03/2006,End Date 12/15/2014,2014-12-15,(07/23/1989),2006-03-03T00:00:00Z
260,"Inguran, LLC dba Sexing Technologies - Ohio",STgenetics,10630 US Highway 42,Marysville,>OH,43040,"614.873.4520, Fax:614.873.4523",Assigned 05/12/2006,NA,NA,Formerly GRI/Sexing Technologies,2006-05-12T00:00:00Z
261,"Inguran, LLC dba Sexing Technologies - Wisconsin",STgenetics,1525 River Road,DeForest,WI,53532,"608.846.8729, Fax:608.846.1453",Assigned 08/21/2006,End Date 09/26/2022,2022-09-26,Formerly GRI/Sexing Technologies,2006-08-21T00:00:00Z
262,"Champion Genetics, Inc.",NA,18035 FM 17,Canton,TX,75103,"903.567.4044, Fax:903.567.6587",Assigned 09/19/2006,NA,NA,NA,2006-09-19T00:00:00Z
263,FABA Service Cooperative,NA,PO Box 95,Hollola,NA,15871 FINLAND,"358 40 311 5000, Fax:358 40 381 2284",Assigned 01/29/2007,End date: 12/08/2010,2010-12-08,NA,2007-01-29T00:00:00Z
264,Trans Ova Genetics,NA,2938 380th Street,Sioux Center,IA,51250,"712.722.3586, Fax:712.722.3577",Assigned 02/06/2007,NA,NA,NA,2007-02-06T00:00:00Z
265,Goepel Genetik GmbH,NA,Am Fockenberg 1,Herleshausen,NA,D-37293 GERMANY,"49 5654 924988 0, Fax:49 5654 924988 13",Assigned 02/14/2007,NA,NA,NA,2007-02-14T00:00:00Z
266,Sexing Technologies Benelux,STgenetics,Teugseweg 16-7418AM,Deventer,NA,THE NETHERLANDS,"31 570 505177, Fax:31 570 505178",Assigned 04/06/2007,NA,NA,NA,2007-04-06T00:00:00Z
267,"Inguran, LLC dba Sexing Technologies - New York",STgenetics,521 Sheffield Road,Ithaca,NY,14850,"607.272.2590, Fax:607.272.2592",Assigned 07/24/2007,End Date 09/26/2022,2022-09-26,NA,2007-07-24T00:00:00Z
268,Brushy Creek Custom Sires,NA,18051 FM 1660,Taylor,TX,76574,"512.352.7444, Fax:512.352.5046",Assigned 04/03/2007,NA,NA,NA,2007-04-03T00:00:00Z
269,Repro Select,NA,1020 Bailes Dairy Road,Shepherd,TX,77371,"936.628.6280, Fax:936.628.6687",Assigned 04/20/2007,NA,NA,NA,2007-04-20T00:00:00Z
270,Sexing Technologies Canada,STgenetics,244151 Range Road #283,Conrich,AB,T2M 4L5 CANADA,"403.568.6690, Fax:403.280.1666",Assigned 12/17/2007,NA,NA,NA,2007-12-17T00:00:00Z
271,World West Sire Services,NA,25 Winterpast Lane,Joliet,MT,59041,406.628.7510,Assigned 01/17/2008,NA,NA,NA,2008-01-17T00:00:00Z
272,"Western Sire Services, Inc.",NA,2038 670th Road,Gordon,NE,69343,"308.282.1707, Fax:308.282.2194",Assigned 06/06/2008,NA,NA,NA,2008-06-06T00:00:00Z
273,CZ Delta - subsidiary of CRV Holding BV,CRV Holding,Videnska 340,Vestec,NA,25242 CZECH REPUBLIC,"42 02449 12201, Fax:42 0244 102530",Assigned 06/18/2008,NA,NA,NA,2008-06-18T00:00:00Z
274,"Inguran, LLC dba Sexing Technologies-Westby",STgenetics,828 South Main Street,Westby,WI,54667,"608.634.2726, Fax:608.634.2722",Assigned 09/22/2008,NA,NA,NA,2008-09-22T00:00:00Z
275,Northwest Reproduction Center,NA,4221 Fairview Road,Ellensburg,WA,98926,509.968.3132,Assigned 04/06/2009,NA,NA,NA,2009-04-06T00:00:00Z
276,Sexing Technologies-France,STgenetics,"SARL Roulans, 10 rue des Epiceas",Roulans,NA,25640 FRANCE,33 381 840 873,Assigned 04/24/2009,NA,NA,NA,2009-04-24T00:00:00Z
277,Sexing Technologies-Italy - SRL,STgenetics,Strada Cadiane 179,Modena,NA,41126 ITALY,NA,Assigned 06/18/2009,NA,NA,NA,2009-06-18T00:00:00Z
278,"Inguran, LLC dba Sexing Technologies-Shawano",STgenetics,100 MBC Drive,Shawano,WI,54166,"715.526.5072, Fax 715.526.8033",Assigned 11/13/2009,NA,NA,Formerly ST-Oakfield,2009-11-13T00:00:00Z
279,"Integrated Breeders Service, LLC",NA,10541 E OSR,Hearne,TX,77859,"979.828.5531, Fax: 979.828.5532",Assigned 06/07/2010,NA,NA,NA,2010-06-07T00:00:00Z
280,"Inguran, LLC dba Sexing Technologies-Vienna Farms",STgenetics,6938 Hickory Lane,DeForest,WI,53532,"608.846.2765, Fax: 608.846.2785",Assigned 06/03/2014,NA,NA,Formerly assigned to Sexing Technologies-Nebraska,2014-06-03T00:00:00Z
281,James Clark Cooper DVM (Cooper Veterinary Hospital),NA,5234 Cypress Street,West Monroe,LA,71291,"318.396.8099, Fax: 318.396.5571",Assigned 01/17/2011,NA,NA,NA,2011-01-17T00:00:00Z
282,"GenSTAR Global, LLC",NA,2633 State Road 78,Mt. Horeb,WI,53572,"608.845.1502, Fax: 608.845.1522",Assigned 08/09/2011,End Date 01/01/2019,2019-01-01,NA,2011-08-09T00:00:00Z
283,Sexing Technologies-Australia,STgenetics,92 Smith's Road,Glenormiston,Victoria,3260 AUSTRALIA,"61.3.55925265, Fax: 61.3.55932630",Assigned 02/02/2012,NA,NA,NA,2012-02-02T00:00:00Z
284,"Ingurn LLC, dba STgenetics/Sexing Technologies-Hamilton",STgenetics,605 Ruakura Road,Hamilton,NA,3286 NEW ZEALAND,64.7.834.2316,Assigned 03/16/2012,NA,NA,NA,2012-03-16T00:00:00Z
285,Sexing Technologies-France SARL,STgenetics,La Lande de la Rencontre,Saint-Aubin-du-Cormier,NA,35140 FRANCE,33.644.209.292,Assigned 07/17/2012,NA,NA,NA,2012-07-17T00:00:00Z
286,STgenetics Canada ULC,STgenetics,"7970 Perth Road 147, R.R.#4",Listowel,ON,N4W 3G9 CANADA,519.291.9916,Assigned 09/07/2012,NA,NA,"Formerly known as Cogent Canada Corp; Foundation Genetics Service, Inc.",2012-09-07T00:00:00Z
287,Sexing Technologies-Germany GmbH,STgenetics,Am Osterfeld 14,"Clooperburg-Bethen, Niedensachsen",NA,D-49661 GERMANY,49 172 856 5423,Assigned 11/05/2012,NA,NA,NA,2012-11-05T00:00:00Z
288,ASCOL,NA,"Centro de Seleccion, Enmesnada, No. 55",Cenero-Gijon,NA,33392 SPAIN,34 985266676; Fax: 34 985266869,Assigned 12/26/2012,NA,NA,NA,2012-12-26T00:00:00Z
289,NDJ AI Center,NA,NO.18-Khorshid Alley-Itally St-Keshavarz Blvd,"Tehran, Tehran",NA,1415914391 IRAN,98 9123444844; Fax: 98 2188966245,Assigned 03/07/2013,NA,NA,NA,2013-03-07T00:00:00Z
291,"Inner Mongolia Saikexing Reproductive Biotechnologies Co., Ltd.",NA,"6F, Mengniu R&D Center, Shengle Economic Zone, Helin County","Hohhot, Inner Mongolia",NA,011517 P.R.CHINA,+86 (0)471-2524095; Fax: +86 (0)471-7392164,Assigned 03/04/2013,NA,NA,NA,2013-03-04T00:00:00Z
292,Sexing Technologies-Ireland,STgenetics,TEAGSC Moorepark,"Fermoy, County Cork",NA,IRELAND,+31 613 950 110,Assigned 04/12/2013,NA,NA,NA,2013-04-12T00:00:00Z
293,"MultiGen Reproductive Solutions, LLC",NA,895 Newlands Lane,Stanford,KY,40484,"606.365.2654, Fax: 606.365.2661",Assigned 04/22/2013,End Date 06/25/2019,2019-06-25,NA,2013-04-22T00:00:00Z
294,Bow Valley Genetics Ltd.,NA,Box 240,Rosemary,AB,T0S 2W0 CANADA,403.362.1933,Assigned 08/02/2013,NA,NA,NA,2013-08-02T00:00:00Z
295,Alta/AgriCorp,NA,Unit A328 Zhao Wei Hua Deng Building,Beijing,Chaoyang District,100015 CHINA,+86 10 6435 4066,Assigned 08/14/2013,NA,NA,NA,2013-08-14T00:00:00Z
296,Canadian Beef Sires,NA,36142A Hwy. 2 Service Road S.B.,Innisfail,AB,T4G 1T8 CANADA,403-227-1663,Assigned 01/24/2014,End Date 01/01/2015,2015-01-01,NA,2014-01-24T00:00:00Z
297,Bayern Genetik GmbH,NA,Senator-Gerauer-Str. 19,Poing,BY,85586 GERMANY,403-227-1663,Assigned 02/07/2014,NA,NA,NA,2014-02-07T00:00:00Z
298,Stredisko Pro Odber Spermatu Nove Homole,NA,Lipenska 869/17,Ceske Budejovice,NA,37001 CZECH REPUBLIC,420 724 745 959,Assigned 02/07/2014,NA,NA,NA,2014-02-07T00:00:00Z
299,Laurel Highlands Animal Health,NA,876 Stoystown Road,Somerset,PA,15501,"814.445.8971, Fax:814.445.9279",Assigned 04/14/2014,NA,NA,NA,2014-04-14T00:00:00Z
300,KI de Toekomst B.V.,NA,Nijenhof 3,Albergen,Overijssel,NL-7665 DJ,+31 6 134 850 36,Assigned 07/11/2014,End Date 02/28/2016,2016-02-28,NA,2014-07-11T00:00:00Z
301,CapGenes,NA,Agropole - 2135 Route De Chauvigny,Mignaloux Beauvoir,NA,86550 FRANCE,549561075,Assigned 07/28/2014,NA,NA,NA,2014-07-28T00:00:00Z
302,Geno AI Center,Geno AI Center,Storhamargata 44,Hamar,NA,2317 NORWAY,47 95 02 0600,Assigned 12/03/2014,End Date 02/05/2018,2018-02-05,NA,2014-12-03T00:00:00Z
303,Sexing Technologies-Switzerland,STgenetics,Hauptstrasse 61,Muelligan,Aargau,5243 SWITZERLAND,31 613 950 110,Assigned 12/18/2014,NA,NA,NA,2014-12-18T00:00:00Z
304,"Inguran, LLC dba Sexing Technologies-Laceyville",STgenetics,10156 State Road 6,Laceyville,PA,18623,979.204.4324,Assigned 4/24/2015,End Date 06/30/2021,2021-06-30,NA,NA
305,"Shandong Ox Livestock Breeding Ltd, CO.",NA,"No. 159, Gongyebei Road",Ji'nan,Shandong,250131 CHINA,086 531 88960069,Assigned 7/7/2016,NA,NA,NA,1965-11-02T00:00:00Z
306,"605 Sires, LLC",STgenetics,27666 443rd Ave.,Marion,SD,57043,"605.941.5241, Fax:605.925.7473",Assigned 1/25/2017,NA,NA,NA,1995-05-18T00:00:00Z
307,Slovenske Biologicke Sluzby a.s.,NA,Kremnicka 2,Banska Bystrica,Slovakia,97400,421918343439,Assigned 2/14/2017,NA,NA,NA,1967-05-09T00:00:00Z
308,"Beijing Sunlon Livestock Development Co., Ltd. Dairy Cattle Center",NA,Qinghe nanshen Desheng menwai,Chaoyang District,Beijing,100192 CHINA,"86-10-62948029, Fax:86-10-62948011",Assigned 2/1/2017,NA,NA,NA,1987-11-15T00:00:00Z
309,"Shanghai Dairy Breeding Center Co.,Ltd",NA,Jiangchang West Road,NA,Shanghai,200436 CHINA,"+86-21-56481688-8206, Fax:+86-21-56488068",Assigned 2/1/2017,NA,NA,NA,1969-01-29T00:00:00Z
310,Breed-Rite LLC,NA,"24650 Highway 60, PO Box 1421",Canyon,TX,79015,"575.693.5641, Fax:806.686.0981",Assigned 3/27/2017,NA,NA,NA,1968-08-15T00:00:00Z
311,He Nan Dairy Center Quan Zhao Tian,NA,No. 19 Xing Da Road,Zheng Zhou,He Nan CHINA,450000,"86 135 2680 3413, Fax:86 0371 60212146",Assigned 3/29/2017,NA,NA,NA,1995-03-20T00:00:00Z
312,ANARB-Associazione Nazionale Allevatori Razza Bruna Italiana,NA,Loc Ferlina 204,Bussolengo,VR ITALY,37012,"0456760111, Fax:0457156655",Assigned 7/13/2017; Reactivated 1/26/2021,End Date 5/16/2018,2018-05-16,NA,1969-09-22T00:00:00Z
313,Xinjiang Tianshan Animal Husbandry & Biological Breeding Co. Ltd.,NA,Ashley township nur village,Changji Xinjiang,CHINA,831100,"8618999345205, Fax:869946566616",Assigned 9/27/2017,NA,NA,NA,1969-11-07T00:00:00Z
314,ABS Global,ABS Global,6908 Pepsi Way,Windsor,WI,53598,608.846.3721,Assigned 8/29/2017,NA,NA,NA,1970-05-04T00:00:00Z
315,Select Star S.A.,NA,85 Rte. de Presinge,Puplinge/GE,Geneva,1241 SWITZERLAND,41 22 349 73 73,Assigned 10/31/2017,NA,NA,NA,2017-10-31T00:00:00Z
316,Custom Genetic Solutions,NA,40275 257th Street,Mitchell,SD,57301,605.996.7883,Assigned 11/03/2017,NA,NA,NA,2017-11-03T00:00:00Z
317,Tararua Breeding Centre,NA,"80541 Masterton Road, RD 3",Woodville,NA,New Zealand,64 6 3764955,Assigned 2/08/2018,Inactive 3/12/2021,2021-03-12,NA,1970-05-27T00:00:00Z
318,HeBei Pin Yuan Biotechnology Co.,NA,Shany Fan 7own,Shijiazhuang,HeBei,CHINA,818947120075,Assigned 2/26/2018; Re-activated 1/28/2022,End Date 02/26/2020,2020-02-26,NA,1980-11-12T00:00:00Z
319,Lubny Breeding Company,NA,Kyivska #A Street,"Lubny, Poltava Region",NA,Ukraine,380956509194,Assigned 6/19/2018,NA,NA,NA,1970-08-29T00:00:00Z
320,"PLEMO, a.s.",NA,Zarybnik 516,Merin 59442,NA,CZECH,420602739735,Assigned 6/12/2018,End Date 02/04/2020,2020-02-04,NA,1970-10-06T00:00:00Z
321,RECA SA DE CV,NA,"Carr. Chichimequillas km 23.2, Sta Maria Begona","Queretaro, QRO",76263,MEXICO,524422302777,Assigned 6/27/2018,NA,NA,NA,1978-12-29T00:00:00Z
322,DMV GenetiQ Services,NA,162 Route 122,Saint-Germain-de Grantham,QC,J2B 6V2 CANADA,819.639.7517,Assigned 2/04/2019,NA,NA,NA,1982-10-28T00:00:00Z
323,"Inguran, LLC- dba, STgenetics-Tiffin Sec. Loc.",STgenetics,752 East State Route 18,Tiffin,OH,44883,419.447.6262,Assigned 04/15/2019,NA,NA,NA,2019-04-15T00:00:00Z
324,Censyra-Leon,NA,"C/ Paramo s/n, Villaquilambre",Leon,NA,24193 SPAIN,34 987281750,Assigned 06/24/2019,NA,NA,NA,2019-06-24T00:00:00Z
325,Zargene Alborz Co.,NA,"Unit 6, 341 N Jamalzadeh Avenue",Tehran,NA,IRAN,98 21 66946985; Fax: 98 21 66946986,Assigned 06/24/2019,NA,NA,NA,2019-06-24T00:00:00Z
326,TransOva Genetics,NA,855 West Hawkeye Avenue,Turlock,CA,95380,712.722.3596,Assigned 08/16/2019,NA,NA,NA,2019-08-16T00:00:00Z
327,"Inguran, LLC dba Sexing Technologies-Watertown",STgenetics,N8350 High Road,Watertown,WI,53094,936.870.3960,Assigned 11/22/2019,NA,NA,NA,2019-11-22T00:00:00Z
328,Trans Ova Genetics,NA,7441 Sharpburg Pike,Boonsboro,MD,21713,866.774.3162,Assigned 01/13/2020,NA,NA,NA,2020-01-13T00:00:00Z
329,Premier Genetics,NA,23265 Poorboy Road,Warsaw,MO,65355,660.438.2188,Assigned 02/06/2020,NA,NA,Formerly known as B3 Genetix,2020-02-06T00:00:00Z
330,Limper Congelaciones Profesionales SA. CV.,NA,27 de Septiembre M7-L18 Col. Independencia.,Queretaro,QRO,MEXICO,524422379248,Assigned 02/24/2020,NA,NA,NA,2020-02-24T00:00:00Z
331,Faragen,NA,"Unit 19, 4th Floor, B Block Number 16, Karimi Avenue, Namaz Blvd. Standard Sq.",Karaj,Albroz 3173676457,IRAN,982636779572,Assigned 08/05/2020,End Date 01/01/2022,2022-01-01,NA,2020-08-05T00:00:00Z
332,Genex Brasil LTDA,Genex,"Rua Haroldo Fleming Da Lavra, 21",Itanhandu,MG 37464000,BRAZIL,551633623888,Assigned 10/13/2020,NA,NA,NA,2020-10-13T00:00:00Z
333,"Griswold Genetics, LLC",NA,9313 East 6th Avenue,Stillwater,OK,74074,405.372.3300,Assigned 02/19/2021,End Date 01/01/2022,2022-01-01,NA,2021-02-19T00:00:00Z
334,Kalagen Agro Ind. Co.,NA,Jalilabad Pishva,Tehran,Tehran 3386148099,IRAN,982136743686,Assigned 05/25/2021,NA,NA,NA,2021-05-25T00:00:00Z
335,Vigogen S.A.de C.V.,NA,Corr. Pobellon de Hidalgo Km 1,Rincon de Romos,Aguoscalientes 20437,MEXICO,449 106 48 78,Assigned 09/16/2021,NA,NA,NA,2021-09-16T00:00:00Z
336,"Intergen Rus, LLC",NA,Yagodnaya str. 3Aa,"Polessky district, Near Village",Kalinlingrad Region 238642,RUSSIA,7 906 216 3900,Assigned 11/19/2021,NA,NA,NA,2021-11-19T00:00:00Z
337,Inguran LLC dba Sexing Technologies-Huntley,STgenetics,10 West Arrow Creek Road,Huntley,MT,59037,NA,Assigned 10/26/2020,NA,NA,NA,2020-10-26T00:00:00Z
338,"Inguran, LLC dba STgenetics-Kaliningrad",STgenetics,Yagodnaya str. 3Aa,"Polessky district, Near Village",Kalinlingrad Region 238642,RUSSIA,NA,Assigned 12/21/2021,NA,NA,NA,2021-12-21T00:00:00Z
339,Sexing Technologies-Spain,STgenetics,Fantao Experante,Lugo,27210,SPAIN,34 982 284 391,Assigned 02/17/2022,NA,NA,NA,2022-02-17T00:00:00Z
340,"Inguran, LLC dba STgenetics-Marion",STgenetics,27664 444th Avenue,Marion,SD,57043,605.925.7473,Assigned 03/14/2022,NA,NA,NA,2022-03-14T00:00:00Z
341,"Membrane Protective Technologies, Inc.",NA,5123 East County Road 52,Fort Collins,CO,80524,970.484.9842,Assigned 05/03/2022,NA,NA,NA,2022-05-03T00:00:00Z
342,"Red Hills Animal Reproductive Specialties, LLC",NA,138 Greenleaf Lane,Thomasville,GA,31757,229.355.2022,Assigned 05/03/2022,NA,NA,NA,2022-05-03T00:00:00Z
343,"Inguran, LLC dba STgenetics-Saint-Germain-de-Grantham",STgenetics,162 chemin Yamaska,Saint-Chermain-de-Grantham,QC,J0C 1K0 CANADA,936.870.3960,Assigned 05/04/2022,NA,NA,NA,2022-05-04T00:00:00Z
344,"Inguran, LLC dba STgenetics-Awahuri",STgenetics,"15 Palmerston Street, RD6",Awahuri,NA,4476 NEW ZEALAND,NA,Assigned 06/27/2022,NA,NA,NA,2022-06-27T00:00:00Z
345,"Bullnanza Stud Services, LLC",NA,226 CR 118,Sweetwater,TX,79556,361.876.5886,Assigned 08/01/2022,NA,NA,NA,2022-08-01T00:00:00Z
346,Flying Cow Genetics,NA,429746 East 70 Road,Welch,OK,74369,918.929.3178,Assigned 10/11/2022,NA,NA,NA,2022-10-11T00:00:00Z
347,"Inguran, LLC dba Sexing Technologies-Indaiatuba",STgenetics,"Estrada Joao Ceccon, 4001",Indaiatuba,Sao Paulo,13331-400 BRAZIL,55 19 3801-1238,Assigned 11/04/2022,NA,NA,NA,2022-11-04T00:00:00Z
348,"H-II Livestock Services, LLC",NA,35504 S 4415 Road,Big Cabion,OK,574332,580.254.1876,Assigned 11/22/2022,NA,NA,NA,2022-11-22T00:00:00Z
354,Hawkeye Breeders North,Hawkeye Breeders,W1096 State Road 92,Brooklyn,WI,53521,515.993.4711; Fax:515.993.4176,Assigned 06/02/2017,NA,NA,NA,2017-06-02T00:00:00Z
500,Southern Idaho Reproductive Enterprises (S.I.R.E),NA,1868 South 1850 East,Gooding,ID,83314,208.308.4080,Assigned 09/28/2005,End Date 05/21/2009,2009-05-21,NA,2005-09-28T00:00:00Z
501,GENEX Cooperative/CRI,Genex,100 MBC Drive/P.O. Box 469,Shawano,WI,54166,"715.526.2141, Fax:715.526.3219",Assigned 12/07/2005,NA,NA,Designated for Sexed Semen,2005-12-07T00:00:00Z
502,GENEX Cooperative/CRI,Genex,100 MBC Drive/P.O. Box 469,Shawano,WI,54166,"715.526.2141, Fax:715.526.3219",Assigned 12/07/2005,NA,NA,NA,2005-12-07T00:00:00Z
503,"Consultor Lechero Venta y Servicios, Inc.",NA,20500 Rookery Drive,Estero,FL,33928,"239.495.9227, Fax:239.494.8600",Assigned 01/03/2006,End Date 01/14/2019,2019-01-14,NA,2006-01-03T00:00:00Z
504,"Global Genetic Resources, LLC",NA,517 Main Street,Downing,WI,54734,"715.265.4285, Fax:715.265.4281",Assigned 01/19/2007,End Date 06/18/2021,2021-06-18,NA,2007-01-19T00:00:00Z
505,Robert Bignami-Brentwood Farms,NA,24540 Clark Avenue,Orland,CA,95963,"530.865.5612, Fax:530.865.3001",Assigned 04/04/2007,NA,NA,NA,2007-04-04T00:00:00Z
506,"Global Ag Alliance, Inc.","Global Ag Alliance, Inc.",P.O. Box 6695,Visalia,CA,93290,559.730.6629,Assigned 08/08/2007,NA,NA,Formerly Sierra Desert Breeders,2007-08-08T00:00:00Z
507,"Select Sires, Inc.",Select Sires,11740 U.S. 42 North,Plain City,OH,43064,"614.873.4683, Fax:614.873.6073",Assigned 01/03/2006,NA,NA,Designated for Sexed Semen,2006-01-03T00:00:00Z
508,El Toro Genetics-Bill Hillier,NA,41925 Yorba Avenue,Temecula,CA,92592,"951.333.1260, Fax:951.699.8701",Assigned 04/10/2007,End Date 02/11/2013,2013-02-11,NA,2007-04-10T00:00:00Z
509,"Select Sires, Inc.",Select Sires,11740 U.S. 42 North,Plain City,OH,43064,"614.873.4683, Fax:614.873.6073",Assigned 01/03/2006,NA,NA,Designated for Sexed Semen,2006-01-03T00:00:00Z
510,"JLG Enterprises, Inc.",JLG Enterprises,11116 Sierra Road,Oakdale,CA,95361,"209.847.4797, Fax:209.847.5874",Assigned 05/01/2018,NA,NA,Designated for Sexed Semen; Formerly assigned to Wilonna Sires,2018-05-01T00:00:00Z
511,"Alta Genetics USA, Inc.",Alta Genetics,"P.O. Box 437, N8452 Airport Road",Watertown,WI,53094,"920.206.4532, Fax:920.262.8022",Assigned 10/05/2005,NA,NA,Designated for Sexed Semen,2005-10-05T00:00:00Z
512,Stephen Borland-Rapid Bay Sires,NA,1189 Island Road,Ormstown,QC,J0S 1K0 CANADA,"450.829.2596, Fax:450.829.4147",Assigned 08/18/2008,End Date 05/21/2009,2009-05-21,NA,2008-08-18T00:00:00Z
513,Trans-America Genetics by ST,STgenetics,4865 Blvd. Laurier Ouest,Saint-Hyacinthe,QC,J2S 3V4 CANADA,"450.771.6444, Fax: 450.771.1397",Assigned 08/19/2008; Reactivated 2/24/2012,NA,NA,NA,2008-08-19T00:00:00Z
514,Accelerated Genetics,Select Sires,E10890 Penny Lane,Baraboo,WI,53913-9408,"608.356.8357, Fax:608.356.4387",Assigned 06/12/2006,NA,NA,Designated for Sexed Semen,2006-06-12T00:00:00Z
515,A.I. Total B.V.,NA,Bremmeierstraat 8,Wijhe,NA,"9131 PK, THE NETHERLANDS",31 570 589 911,Assigned 05/19/2010,NA,NA,NA,2010-05-19T00:00:00Z
516,"Global Ag Alliance, Inc.","Global Ag Alliance, Inc.",P.O. Box 6695,Visalia,CA,93290,559.730.6629,Assigned 09/25/2007,NA,NA,Formerly Sierra Desert Breeders,2007-09-25T00:00:00Z
517,The Semex Alliance,Semex Alliance,5653 Highway 6 North,Guelph,ON,N1H 6J2 CANADA,519.821.5060,Assigned 12/12/2007,NA,NA,NA,2007-12-12T00:00:00Z
518,The Semex Alliance,Semex Alliance,5653 Highway 6 North,Guelph,ON,N1H 6J2 CANADA,519.821.5060,Assigned 12/12/2007,NA,NA,NA,2007-12-12T00:00:00Z
519,The Semex Alliance,Semex Alliance,5653 Highway 6 North,Guelph,ON,N1H 6J2 CANADA,519.821.5060,Assigned 12/12/2007,NA,NA,NA,2007-12-12T00:00:00Z
520,"GeneSource, LLP",NA,E9784 Buckhorn Road,Reedsburg,WI,53959,"608.434.2232, Fax:608.234.5961",Assigned 07/21/2009,End Date 12/23/2011,2011-12-23,NA,2009-07-21T00:00:00Z
521,"GENEX Cooperative, Inc.",NA,P.O. Box 469,Shawano,WI,54166,"715.526.2141, Fax:715.526.3219",Assigned 05/28/2019,NA,NA,Designated for Sexed Semen,2019-05-28T00:00:00Z
522,Cogent Breeding Ltd.,NA,"Heywood House, Chowley Oak Business Park","Chester, Cheshire",NA,CH3 9GA UNITED KINGDOM,44 1829 773 402,Assigned 10/31/2017,NA,NA,Designated for Sexed Semen; Formerly ST/TWG; formerly ST for NE,2017-10-31T00:00:00Z
523,Sexing Technologies-Texas,STgenetics,22575 SH6 South,Navasota,TX,77803,"936.870.3960, Fax:936.870.3963",Assigned 05/11/2009,NA,NA,Designated for Sexed Semen,2009-05-11T00:00:00Z
524,German Genetics International (GGI)-Spermex,German Genetics International (GGI),Am Osterfeld 14,Cloppenburg-Bethen,NA,49661 GERMANY,"49 4471 9174 0, Fax:49 4471 9174 74",Assigned 04/04/2011,NA,NA,Designated for Sexed Semen,2011-04-04T00:00:00Z
525,Triple-Hil Sires,NA,22046 Old Forge Rd.,Smithsburg,MD,21783,855.955.2100,Assigned 06/21/2011,NA,NA,NA,2011-06-21T00:00:00Z
526,Zooservis a.s.,NA,Mala Bystrice 158,Valasska Bystrice,NA,75627 CZECH REPUBLIC,420602369565,Assigned 10/18/2011,NA,NA,NA,2011-10-18T00:00:00Z
527,Select Sires AG,Select Sires,E10890 Penny Lane,Baraboo,WI,53913-9408,"608.356.8357, Fax:608.356.4387",Assigned 01/04/2012,NA,NA,Designated for Sexed Semen,2012-01-04T00:00:00Z
528,Viking Genetics,Viking Genetics,PO Box 64,SE 532 21 Skara,NA,SWEDEN,"46 511 267 00, Fax:46 511 267 07",Assigned 3/30/2011,NA,NA,Designated for Sexed Semen,1982-10-28T00:00:00Z
529,ABS Global,ABS Global,P.O. Box 459/1525 River Road,Deforest,WI,53532,608.846.6417,Assigned 12/02/2005,NA,NA,Designated for Sexed Semen,2005-12-02T00:00:00Z
530,ABS Global,ABS Global,P.O. Box 459/1525 River Road,Deforest,WI,53532,608.846.6417,Assigned 06/05/2007,NA,NA,NA,2007-06-05T00:00:00Z
531,ABS Global,ABS Global,P.O. Box 459/1525 River Road,Deforest,WI,53532,608.846.6417,Assigned 06/05/2007,NA,NA,NA,2007-06-05T00:00:00Z
532,ABS Global,ABS Global,P.O. Box 459/1525 River Road,Deforest,WI,53532,608.846.6417,Assigned 06/05/2007,NA,NA,NA,2007-06-05T00:00:00Z
533,ABS Global,ABS Global,P.O. Box 459/1525 River Road,Deforest,WI,53532,608.846.6417,Assigned 06/05/2007,NA,NA,NA,2007-06-05T00:00:00Z
534,Jetstream Genetics,Jetstream Genetics,P.O. Box 437/N8452 Airport Road,Watertown,WI,53094,"920.206.4532, Fax:920.262.8022",Assigned 02/17/2012,NA,NA,NA,2012-02-17T00:00:00Z
535,Faria Brothers Genetics,NA,5601 FM 281,Dumas,TX,79029,"806.930.1240, Fax:806.966.3695",Assigned 05/15/2012,NA,NA,NA,2012-05-15T00:00:00Z
536,"Shore Genetics, Inc.",NA,865 Poplar School Road,Centreville,MD,21617,"410.758.0982, Fax:410.758.2740",Assigned 11/21/2005,NA,NA,NA,2005-11-21T00:00:00Z
537,Sexing Technologies,STgenetics,22575 SH 6 South,Navasota,TX,77868,"936.870.3960, Fax:936.870.3963",Assigned 06/21/2012,NA,NA,NA,2012-06-21T00:00:00Z
538,"Inner Mongolia Saikexing Reproductive Biotechnologies Co., Ltd.",NA,"6F, Mengniu R&D Center,Shengle Economic Zone","Helin County, Hohhot, Inner Mongolia",NA,011517 P.R.CHINA,"+86 (0)471-2524095, Fax: +86 (0)471-7392164",Assigned 03/04/2013,NA,NA,NA,2013-03-04T00:00:00Z
539,Evolution,Synetics,Rue Eric Tabarly-CS 10040,Noyal Sur Vilaine Cedex,NA,35538 FRANCE,33 299 879090,Assigned 4/02/2014,NA,NA,Designated for Sexed Semen,1970-12-01T00:00:00Z
540,"Glaz-Way Enterprises, LLC",JLG Enterprises,PO Box 218,Oakdale,CA,95361,"209.886.1130,Fax:209.886.1130",Assigned 11/07/2013,NA,NA,NA,2013-11-07T00:00:00Z
541,GENEX Dakota Sire Service,Genex,40275 257th Street,Mitchell,SD,57301,"605.996.9100, Fax:605.995.0611",Assigned 08/06/2008,NA,NA,Designated for Sexed Semen,2008-08-06T00:00:00Z
542,"Global Ag Alliance, Inc.","Global Ag Alliance, Inc.",P.O. Box 6695,Visalia,CA,93290,559.730.6629,Assigned 04/14/2014,NA,NA,Formerly Dairybullsonline,2014-04-14T00:00:00Z
543,Inseme,Inseme,Via Cadiane 181,Modena 41126,NA,ITALY,38 589514697,Assigned 07/15/2014,NA,NA,NA,2014-07-15T00:00:00Z
544,Geno AI Center,Geno AI Center,Holsetgata 22,Hamar,NA,2317 NORWAY,47 950 20 600,Assigned 06/03/2005,End date 12/31/2022,2022-12-31,Designated for Sexed Semen,2005-06-03T00:00:00Z
545,Dairy Solutionz (NZ) Limited,NA,P.O. Box 9466,Hamilton,NA,3240 NEW ZEALAND,"64 78570502, Fax:64 8570501",Assigned 05/03/2017,End Date 06/01/2017,2017-06-01,Designated for Sexed Semen,2017-05-03T00:00:00Z
546,North Florida Holsteins,North Florida Holsteins,2740 West County Road 232,Bell,FL,32619,"352.463.7174, Fax:352.463.1106",Assigned 10/12/2017,NA,NA,Designated for Sexed Semen,2017-10-12T00:00:00Z
547,GENEX Custom Collection Services Baton Rouge,Genex,2288 Gourrier Avenue,Baton Rouge,LA,70820,"225.578.3292, Fax:225.578.3235",Assigned 08/21/2007,End Date 10/21/2015,2015-10-21,Designated for Sexed Semen,2007-08-21T00:00:00Z
548,GENEX Custom Collection Services Alabama,Genex,200 Valhalla SE,Fort Payne,AL,35967,"256.845.2530, Fax:256.845.7201",Assigned 08/21/2007,End Date 10/21/2015,2015-10-21,Designated for Sexed Semen,2007-08-21T00:00:00Z
549,GENEX Cooperative/CRI,Genex,100 MBC Drive/P.O. Box 469,Shawano,WI,54166,"715.526.2141, Fax:715.526.3219",Assigned 12/12/2007,NA,NA,Designated for Sexed Semen,2007-12-12T00:00:00Z
550,Select Sires - Genervations,Select Sires,Highway 501 South/P.O. Box 2559,Cardston,AB,T0K 0K0 CANADA,"403.653.4438, Fax:403.653.3700",Assigned 10/13/2006,NA,NA,"Designated for Sexed Semen; Formerly known as Sire Lodge, Inc.",2006-10-13T00:00:00Z
551,Sexing Technologies-TWG,STgenetics,W7652 Hwy 151 South,Fond du Lac,WI,54937,"920.921.6029, Fax:920.921.5850",Assigned 05/06/2008,NA,NA,Designated for Sexed Semen,2008-05-06T00:00:00Z
552,"TAG-Sexing Technologies, ULC",STgenetics,4865 Blvd. Laurier Ouest,Saint-Hyacinthe,QC,J2S 3V4 CANADA,"450.771.6444, Fax: 450.771.1397",Assigned 06/05/2015,NA,NA,Designated for Sexed Semen,2015-06-05T00:00:00Z
553,A.I. Total,NA,Trawlerweg 19,Zwolle,NA,"8042 PZ, THE NETHERLANDS",31 384 606922,Assigned 05/9/2018,NA,NA,Designated for Sexed Semen,2005-10-31T00:00:00Z
554,Hawkeye Breeders Service,Hawkeye Breeders,32642 Old Portland Road,Adel,IA,50003,"515.993.4711, Fax:515.993.4176",Assigned 11/18/2014,NA,NA,Designated for Sexed Semen,2014-11-18T00:00:00Z
555,"Flatness International, Inc.",NA,104 Stony Mountain Road,Tunkhannock,PA,18657,"570.836.3527, Fax:570.836.1549",Assigned 07/14/2006,NA,NA,NA,2006-07-14T00:00:00Z
556,Belgian Blue Group SCRL,NA,Chemin du Tersoit 32,Ciney,NA,5590 BELGIUM,"32(0)83 68 70 68, Fax:32(0)83 68 70 69",Assigned 12/27/2018,NA,NA,Designated for Sexed Semen,2018-12-27T00:00:00Z
557,"Select Sires, Inc.",Select Sires,11740 US Highway 42 North,Plain City,OH,43064,"614.873.4683, Fax:614.733.3496",Assigned 05/01/2017,NA,NA,Designated for Sexed Semen,2017-05-01T00:00:00Z
558,GenoSource Genetics,NA,2188 78th Street,Blairstown,IA,52209,319.350.1426,Assigned 04/05/2019,NA,NA,Designated for Sexed Semen,2019-04-05T00:00:00Z
559,Select Sires - Genervations,Select Sires,"Hwy. 501 S, P.O. Box 2559",Cardston,Alberta,T0K 0K0 CANADA,"403.653.4438,Fax:403.653.3700",Assigned 01/25/2017,NA,NA,Designated for Sexed Semen,2017-01-25T00:00:00Z
560,Top Notch Genetics,NA,102 Fox Road,Lebanon,PA,17042,717.222.6140,Assigned 05/06/2019,NA,NA,Designated for Sexed Semen,2019-05-06T00:00:00Z
561,Viking Genetics,Viking Genetics,"Ebeltoftvej 16, Assentoft",Randers SOE,NA,8960 DENMARK,4520293233,Assigned 12/10/2019,NA,NA,Designated for Sexed Semen,2019-12-10T00:00:00Z
562,Validity Genetic Testing,NA,P.O. Box 587,Rockwood,ON,N0B 2K0 CANADA,905.866.7800,Assigned 02/05/2020,NA,NA,Designated for Sexed Semen; Formerly known as Vogue Sires,2020-02-05T00:00:00Z
563,RuAnn Genetics,NA,12863 Kamm Avenue,Riverdale,CA,93656,559.866.5308,Assigned 11/06/2020,NA,NA,Designated for Sexed Semen,2020-11-06T00:00:00Z
564,ProGentus,NA,2938 380th Street,Sioux Center,IA,51250,712.722.3586,Assigned 09/24/2019,NA,NA,Designated for Sexed Semen,2019-09-24T00:00:00Z
565,"Rock LJ, Inc.",NA,133 NE Highway 99 W,McMinnville,OR,97128,971.237.1581,Assigned 03/29/2021,NA,NA,Designated for Sexed Semen,2021-03-29T00:00:00Z
566,International Protein Sires,International Protein Sires,304 W. Broadway - PO Box 157,Rock Springs,WI,53961,"608.524.8086, Fax:608.524.6935",Assigned 07/23/2012,NA,NA,NA,2012-07-23T00:00:00Z
567,"Shanghai Dairy Breeding Center Co., Ltd.",NA,"10th Building, 1518 West JiangChang Road",Shanghai,NA,200436 CHINA,"(86)21-56481688-8206, Fax:(86)21-56488068",Assigned 05/23/2017,NA,NA,Designated for Sexed Semen,2017-05-23T00:00:00Z
568,Masterrind GmbH,NA,Osterkrug 20,"Verden, Lower Saxony",NA,27283 GERMANY,"(49)42316790, Fax:(49)4231679780",Assigned 06/29/2021,NA,NA,Designated for Sexed Semen,2021-06-29T00:00:00Z
569,Bullseye Genetics GmbH,NA,Lutke Berg 2,"Altenberge, North Rhine Westphalia",NA,DE-48341 GERMANY,(49)25059392222,Assigned 08/23/2021,NA,NA,Designated for Sexed Semen,2021-08-23T00:00:00Z
570,"ORIgen,",NA,10 West Arrow Creek Road,Huntley,MT,59037,406.348.2345,Assigned 10/09/2020,NA,NA,Designated for Sexed Semen;,2020-10-09T00:00:00Z
571,"Intergen Rus, LLC",NA,Yagodnaya str. 3Aa,"Polessky district, Near Village",Kalinlingrad Region 238642,RUSSIA,7 906 216 3900,Assigned 11/19/2021,NA,NA,Designated for Sexed Semen,2021-11-19T00:00:00Z
574,Semex Alliance,Semex Alliance,5653 Highway 6 North,Guelph,ON,N1H 6J2 CANADA,519.821.5060,Assigned 05/01/2017,NA,NA,Designated for Sexed Semen,2017-05-01T00:00:00Z
575,Semex Alliance,Semex Alliance,5653 Highway 6 North,Guelph,ON,N1H 6J2 CANADA,519.821.5060,Assigned 05/01/2017,NA,NA,Designated for Sexed Semen,2017-05-01T00:00:00Z
576,"Taurus Service, Inc.",STgenetics,"125 Taurus Lane, P.O. Box 164",Mehoopany,PA,18629,"570.833.5123, Fax:570.833.2690",Assigned 02/06/2008,NA,NA,Designated for Sexed Semen,2008-02-06T00:00:00Z
577,Black Silver Bovine Technology,NA,86 rang de la Riviere Sud,St-Esprit,QC,J0K 2L0,450.898.7199,Assigned 05/27/2020,NA,NA,Designated for Sexed Semen,2020-05-27T00:00:00Z
578,"605 Sires, LLC",STgenetics,27666 443rd Avenue,Marion,SD,57043,605.925.7473,Assigned 03/02/2022,NA,NA,Designated for Sexed Semen,2022-03-02T00:00:00Z
579,"Select Sires, Inc.",Select Sires,11740 U.S. 42 North,Plain City,OH,43064,"614.873.4683, Fax:614.873.5751",Assigned 07/10/2019,NA,NA,Designated for Sexed Semen,2019-07-10T00:00:00Z
580,HeBei Pin Yuan Biotechnology Co.,NA,Shany Fan 7own,Shijiazhuang,HeBei,CHINA,818947120075,Assigned 06/17/2022,NA,NA,Designated for Sexed Semen,2022-06-17T00:00:00Z
581,"Alta Genetics, Inc.",Alta Genetics,1-263090 Range Road 11,Rocky View,AB,T4B2T3 CANADA,403.226.0666,Assigned 03/30/2018,NA,NA,Designated for Sexed Semen,2018-03-30T00:00:00Z
582,Genes Diffusion,NA,P O Box 930457,Verona,WI,53593,608.848.8861,Assigned 09/02/2020,NA,NA,Designated for Sexed Semen,2020-09-02T00:00:00Z
584,"Alta Genetics, Inc.",Alta Genetics,1-263090 Range Road 11,Rocky View County,AB,T4B 2T3 CANADA,403.226.0666,Assigned 03/29/2023,NA,NA,Designated for Sexed Semen,2023-03-29T00:00:00Z
585,Select Sires Inc.,Select Sires,P O Box 143,Plain City,OH,43064,614.873.4683,Assigned 09/09/2020,NA,NA,Designated for Sexed Semen; Formerly assigned to Accelerated Genetics(End date 01/26/2017),2020-09-09T00:00:00Z
586,STgenetics Canada ULC,STgenetics,"7970 Perth Road 147, Route 4",Listowel,ON,N4W 3G9 CANADA,"519.291.9916, Fax:519.291.3532",Assigned 10/31/2017,NA,NA,Formerly known as Cogent Canada Corp; Designated for Sexed Semen,2017-10-31T00:00:00Z
587,Total Livestock Genetics Victoria Pty Ltd,"Total Livestock Genetics, Pty Ltd.",PO Box 105 (4969 Princes Hwy),Camperdown,Victoria,3260 AUSTRALIA,"03 5593 2016, Fax: 03 5593 2630",Assigned 01/20/2015,NA,NA,Designated for Sexed Semen,2015-01-20T00:00:00Z
590,GENEX Cooperative/Hawkeye-West,Genex,3800 Duck Creek Road,Billings,MT,59101,"406.656.9034, Fax:406.656.9870",Assigned 12/12/2007,NA,NA,Designated for Sexed Semen,2007-12-12T00:00:00Z
593,"Alta Genetics USA, Inc.",Alta Genetics,"P.O. Box 437, N8452 Airport Road",Watertown,WI,53094,"920.206.4532, Fax:920.262.8022",Assigned 06/10/2019,NA,NA,Designated for Sexed Semen,2019-06-10T00:00:00Z
594,ABS Global,ABS Global,"P.O. Box 459, 1525 River Road",Deforest,WI,53532,"608.846.3721, Fax:608.846.6444 or 6446",Assigned 002/14/2008,NA,NA,Formerly named St. Jacobs ABC; Designated for Sexed Semen,2008-02-14T00:00:00Z
597,CRV Holding,CRV Holding,2423 American Lane,Madison,WI,53704,"608.441.3202, Fax:608.441.3203",Assigned 08/08/2011,NA,NA,Designated for Sexed Semen,2011-08-08T00:00:00Z
598,INTERMIZOO S.p.a.,NA,"Via Po, 21",Padova,NA,35135 ITALY,39 49 8724757,Assigned 10/18/2018,NA,NA,Designated for Sexed Semen,2018-10-18T00:00:00Z
599,"Blondin Sires, Inc.","Blondin Sires, Inc.",620 Rang St. Vincent,St. Placide,QC,J0V 2B0 CANADA,450.258.2904,Assigned 05/02/2018,NA,NA,Designated for Sexed Semen,2018-05-02T00:00:00Z
600,"Ag-Link International, Inc.",NA,301 Harvey Lane,Tunkhannock,PA,18657,"570.836.6593, Fax:570.836-6604",Assigned 09/24/2013,End Date 05/16/2018,2018-05-16,NA,2013-09-24T00:00:00Z
601,GENEX Cooperative/CRI,Genex,100 MBC Drive/PO Box 469,Shawano,WI,54166,"714.526.21414, Fax:714.526.3219",Assigned 08/05/2015,NA,NA,Designated for Sexed Semen,2015-08-05T00:00:00Z
602,ABS Global,ABS Global,P.O. Box 459/1525 River Road,Deforest,WI,53532,608.846.6417,Assigned 10/08/2015,NA,NA,NA,2015-10-08T00:00:00Z
603,ABS Global,ABS Global,P.O. Box 459/1525 River Road,Deforest,WI,53532,608.846.6417,Assigned 10/08/2015,NA,NA,NA,2015-10-08T00:00:00Z
604,ABS Global,ABS Global,P.O. Box 459/1525 River Road,Deforest,WI,53532,608.846.6417,Assigned 10/08/2015,NA,NA,NA,2015-10-08T00:00:00Z
605,ABS Global,ABS Global,P.O. Box 459/1525 River Road,Deforest,WI,53532,608.846.6417,Assigned 10/08/2015,NA,NA,NA,2015-10-08T00:00:00Z
606,Diamond Genetics,NA,Bremmeierstraat 8,Wijhe,9131 PK,NETHERLANDS,+31 570 589 900,Assigned 10/14/2015,NA,NA,NA,2015-10-14T00:00:00Z
607,Toro Orange,NA,Enmes nada No 55,Cenero,Gijon,33392 SPAIN,+34 985 266676,Assigned 10/14/2015,NA,NA,NA,2015-10-14T00:00:00Z
608,GAP Trade and Services,NA,"via Prada, 2/C, Cenate Sotto (BG)",Bergamo,NA,24069 ITALY,39 035 4258368,Assigned 10/22/2015,NA,NA,NA,2015-10-22T00:00:00Z
611,Alta Genetics - USA,Alta Genetics,PO Box 437 - N8452 Airport Road,Watertown,WI,53094,"920.206.4532, Fax:920.262.8022",Assigned 02/07/2012,NA,NA,Designated for Sexed Semen,2012-02-07T00:00:00Z
612,"Holstein Services, Inc.",NA,1 Holstein Place,Brattleboro,VT,05302-0808,802.254.4551,Assigned 01/14/2021,NA,NA,Designated for Sexed Semen,2021-01-14T00:00:00Z
614,Accelerated Genetics,Select Sires,E10890 Penny Lane,Baraboo,WI,53913,"608.356.8357, Fax:608.356.4387",Assigned 02/27/2008,NA,NA,Designated for Sexed Semen,2008-02-27T00:00:00Z
620,Wulf Cattle,NA,46206 470th Street,Morris,MN,56267,320.392.5609,Assigned 03/30/2021,NA,NA,Designated for Sexed Semen,2021-03-30T00:00:00Z
621,"GENEX Cooperative, Inc.",Genex,P.O. Box 469,Shawano,WI,54166,"715.526.2141, Fax:715.526.3219",Assigned 09/13/2019,NA,NA,Designated for Sexed Semen,2019-09-13T00:00:00Z
622,DMV GenetiQ Services,NA,"162, Chemin Yamaska","St-Germain-de-Gran, QC",J0C 1K0,CANADA,819.314.8311,Assigned 07/28/2021,NA,NA,Designated for Sexed Semen,2021-07-28T00:00:00Z
624,German Genetics International (GGI)-Spermex,German Genetics International (GGI),Am Osterfeld 14,Cloppenburg-Bethen,NA,49661 GERMANY,"49 4471 9174 0, Fax:49 4471 9174 74",Assigned 04/04/2011,NA,NA,NA,2011-04-04T00:00:00Z
629,ABS Global,ABS Global,P.O. Box 459/1525 River Road,Deforest,WI,53532,608.846.6417,Assigned 10/21/2014,NA,NA,Designated for Sexed Semen,2014-10-21T00:00:00Z
630,Sexing Technologies,STgenetics,22575 SH 6 South,Navasota,TX,77868,"936.870.3960, Fax:936.870.3963",Assigned 10/15/2013,NA,NA,NA,2013-10-15T00:00:00Z
631,Sexing Technologies,STgenetics,22575 SH 6 South,Navasota,TX,77868,"936.870.3960, Fax:936.870.3963",Assigned 10/15/2013,NA,NA,NA,2013-10-15T00:00:00Z
632,Sexing Technologies,STgenetics,22575 SH 6 South,Navasota,TX,77868,"936.870.3960, Fax:936.870.3963",Assigned 10/15/2013,NA,NA,NA,2013-10-15T00:00:00Z
633,Sexing Technologies,STgenetics,22575 SH 6 South,Navasota,TX,77868,"936.870.3960, Fax:936.870.3963",Assigned 10/15/2013,NA,NA,NA,2013-10-15T00:00:00Z
634,Jetstream Genetics,Jetstream Genetics,P.O. Box 437/N8452 Airport Road,Watertown,WI,53094,"920.206.4532, Fax:920.262.8022",Assigned 06/16/2017,NA,NA,Formerly assigned to Sexing Technologies R&D 10/15/2013-released 6/16/17; Designated for Sexed Semen,2017-06-16T00:00:00Z
635,Sexing Technologies,STgenetics,22575 SH 6 South,Navasota,TX,77868,"936.870.3960, Fax:936.870.3963",Assigned 10/15/2013,NA,NA,NA,2013-10-15T00:00:00Z
636,Sexing Technologies,STgenetics,22575 SH 6 South,Navasota,TX,77868,"936.870.3960, Fax:936.870.3963",Assigned 10/15/2013,NA,NA,NA,2013-10-15T00:00:00Z
637,Sexing Technologies,STgenetics,22575 SH 6 South,Navasota,TX,77868,"936.870.3960, Fax:936.870.3963",Assigned 10/15/2013,NA,NA,NA,2013-10-15T00:00:00Z
638,Sexing Technologies,STgenetics,22575 SH 6 South,Navasota,TX,77868,"936.870.3960, Fax:936.870.3963",Assigned 10/15/2013,NA,NA,NA,2013-10-15T00:00:00Z
639,Sexing Technologies,STgenetics,22575 SH 6 South,Navasota,TX,77868,"936.870.3960, Fax:936.870.3963",Assigned 10/15/2013,NA,NA,NA,2013-10-15T00:00:00Z
643,Inseme,Inseme,Via Cadiane 179,Saliceta S. Giuliano 41126,NA,ITALY,39 059514611,Assigned 08/09/2018,NA,NA,Designated for Sexed Semen,2018-08-09T00:00:00Z
651,Inguran LLC dba STgenetics,STgenetics,22575 SH 6 South,Navasota,TX,77868,"936.870.3960, Fax:936.870.3963",Assigned 10/04/2022,NA,NA,Designated for Sexed Semen,2022-10-04T00:00:00Z
652,Geno,NA,Storhamargata 44,2317 Hamar,NA,NORWAY,4795020600,Assigned 03/06/2018,NA,NA,Designated for Sexed Semen,2018-03-06T00:00:00Z
654,Hawkeye Breeders Service,Hawkeye Breeders,32642 Old Portland Road,Adel,IA,50003,"515.993.4711, Fax:515.993.4176",Assigned 03/01/2022,NA,NA,Designated for Sexed Semen,2022-03-01T00:00:00Z
662,Cogent Breeding Ltd.,NA,"Beachin Stud, Lea Lane",Aldfordm Cheshire,NA,CH3 6JQ UNITED KINGDOM,01829 733489,Assigned 12/20/2022,NA,NA,Designated for Sexed Semen,2022-12-20T00:00:00Z
664,Jetstream Genetics,Jetstream Genetics,P.O. Box 437/N8452 Airport Road,Watertown,WI,53094,608.770.0012,Assigned 04/23/2018,NA,NA,Designated for Sexed Semen,2018-04-23T00:00:00Z
666,International Protien Sires,NA,"PO Box 157, 304 W. Broadway",Rock Springs,WI,53961,608.524.8086 Fax:608.524.6935,Assigned 12/10/2014,NA,NA,Designated for Sexed Semen,2014-12-10T00:00:00Z
670,Grimmius Cattle Company,NA,5715 Kansas Avenue,Hanford,CA,93230,559.585.8760,Assigned 03/19/2021,NA,NA,Designated for Sexed Semen,2021-03-19T00:00:00Z
676,Inguran LLC dba STgenetics,STgenetics,22575 SH 6 South,Navasota,TX,77868,"936.870.3960, Fax:936.870.3963",Assigned 10/04/2022,NA,NA,Designated for Sexed Semen,2022-10-04T00:00:00Z
679,Great Lakes Sire Service,NA,723 Himebaugh Road,Bronson,MI,49028,"269.489.9888, Fax:269.489.5658",Assigned 04/20/2021,NA,NA,Designated for Sexed Semen,2021-04-20T00:00:00Z
681,"Alta Genetics, Inc.",Alta Genetics,1-263090 Range Road 11,Rocky View,AB,T4B2T3 CANADA,403.226.0666,Assigned 03/30/2018,NA,NA,Designated for Sexed Semen,2018-03-30T00:00:00Z
684,"Alta Genetics, Inc.",Alta Genetics,1-263090 Range Road 11,Rocky View County,AB,T4B 2T3 CANADA,403.226.0666,Assigned 03/29/2023,NA,NA,Designated for Sexed Semen,2023-03-29T00:00:00Z
688,ASCOL,NA,Centro de Seleccion Carbainos S/N,"Cenero-Gijon, Asturias",NA,33392 SPAIN,34 985266676; Fax: 34 985266869,Assigned 6/25/2018,NA,NA,Designated for Sexed Semen,1971-03-05T00:00:00Z
689,"Select Sires, Inc.",Select Sires,11740 U.S. 42 North,Plain City,OH,43064,614.406.9697,Assigned 04/25/2022,NA,NA,Designated for Sexed Semen,2022-04-25T00:00:00Z
690,Livestock Improvement Corporation,NA,CNR Ruakura/Morrisville Roads-Private Bag 3016,Hamilton,NA,3240 - NEW ZEALAND,6478560700,Assigned 11/13/2020,NA,NA,Designated for Sexed Semen,2020-11-13T00:00:00Z
694,ABS Global,ABS Global,P.O. Box 459/1525 River Road,Deforest,WI,53532,608.846.6417,Assigned 10/21/2014,NA,NA,Designated for Sexed Semen,2014-10-21T00:00:00Z
697,CRV USA,CRV Holding,"2418 Crossroads Drive, Suite 2300",Madison,WI,53718,608.441.3202,Assigned 11/24/2021,NA,NA,Designated for Sexed Semen,2021-11-24T00:00:00Z
699,"Alta Genetics USA, Inc.",Alta Genetics,"P.O. Box 437, N8452 Airport Road",Watertown,WI,53094,"920.261.5065, Fax:920.262.8022",Assigned 10/06/2020,NA,NA,Designated for Sexed Semen,2020-10-06T00:00:00Z
700,Grimmius Cattle Company,NA,5715 Kansas Avenue,Hanford,CA,93230,559.410.2930 Fax:866.820.8227,Assigned 04/24/2018,NA,NA,NA,2018-04-24T00:00:00Z
702,Belgian Blue Group SCRL,NA,Chemin du Tersoit 32,Ciney,NA,5590,+32(0)83 68 70 68 Fax:+32(0)83 68 70 69,Assigned 6/15/2016,NA,NA,NA,1971-04-29T00:00:00Z
703,A Legacy Genetics,NA,285 Goodwater Road,Haworth,OK,74740,580.612.1117,Assigned 6/25/2016,NA,NA,NA,1971-07-26T00:00:00Z
704,"Leachman Cattle of Colorado, LLC",NA,2056 West CR 70,Fort Collins,CO,80524,970.568.3983,Assigned 12/8/2017,NA,NA,NA,2008-02-29T00:00:00Z
705,Top Notch Genetics,NA,102 Fox Road,Lebanon,PA,17042,717.222.6140,Assigned 03/20/2018,End Date 07/31/2021,2021-07-31,NA,2018-03-20T00:00:00Z
706,Genesis Genetics-MX,NA,7880 East 100 North,Angola,IN,46703,260.402.4494,Assigned 07/06/2018,NA,NA,NA,2018-07-06T00:00:00Z
708,"El Toro Sires, Inc.",NA,41925 Yorba Avenue,Temecula,CA,92592,951.333.1260,Assigned 06/20/2018,NA,NA,NA,2018-06-20T00:00:00Z
709,Swissgenetics,NA,"Meielenfeldweg 12, Postfach",Zollikofen,BE,3052 SWITZERLAND,41-31-910 62 62; fax: 41-31-910 62 66,Assigned 10/19/2018,End date: 03/07/2023,2023-03-07,NA,2018-10-19T00:00:00Z
710,Holstein Forum Rinderzucht GmbH,NA,Walingen 36b,Havixbeck,NRW,48329 GERMANY,49(0)2507 5732222,Assigned 09/14/2018,NA,NA,NA,2018-09-14T00:00:00Z
712,"Holstein Services, Inc.",NA,1 Holstein Place,Brattleboro,VT,05302-0808,802.254.4551,Assigned 02/22/2019,NA,NA,NA,2019-02-22T00:00:00Z
713,Fefricale,NA,"C/Jose Belinchon Garcia, 3 Bajo",Leon,NA,24121 SPAIN,34 987252127,Assigned 06/24/2019,NA,NA,NA,2019-06-24T00:00:00Z
714,"World Wide Sires, Ltd.",Select Sires,5545 Avenida de los Robles,Visalia,CA,93291,"559.622.2222, Fax:559.741.2828",Assigned 07/27/2007,NA,NA,NA,2007-07-27T00:00:00Z
715,Southern Breeders LLC,NA,14042 FM 1567 W,Cumby,TX,975433,903.366.1097,Assigned 08/28/2019,NA,NA,NA,2019-08-28T00:00:00Z
716,"SeniGenetic, LLC",NA,"23986 Aliso Creek Road, Suite 112",Laguna Niguel,CA,92677,"888.463.2111, Fax:888.463.0896",Assigned 08/30/2019,NA,NA,NA,2019-08-30T00:00:00Z
717,Horizon Genetics,NA,235 Engel Lane,Mifflintown,PA,17059,717.839.0763,Assigned 03/11/2020,NA,NA,NA,2020-03-11T00:00:00Z
718,"Rock LJ, Inc.",NA,"8383 NE Sandy Blvd., Suite 320 F-F",Portland,OR,97220,971.237.1581,Assigned 04/29/2020,NA,NA,NA,2020-04-29T00:00:00Z
719,RuAnn Genetics,NA,12863 Kamm Avenue,Riverdale,CA,93656,559.866.5308,Assigned 11/06/2020,NA,NA,NA,2020-11-06T00:00:00Z
720,Wulf Cattle,NA,46206 470th Street,Morris,MN,56267,320.392.5609,Assigned 03/30/2021,NA,NA,NA,2021-03-30T00:00:00Z
721,Black Silver Bovine Technology,NA,86 rang de la Riviere Sud,St-Esprit,QC,J0K 2L0,450.898.7199,Assigned 06/03/2020,NA,NA,NA,2020-06-03T00:00:00Z
722,Semex Alliance,Semex Alliance,5653 Highway 6 North,Guelph,ON,N1H 6J2 CANADA,519.821.5060,Assigned 01/12/2021,NA,NA,NA,2021-01-12T00:00:00Z
723,Semex Alliance,Semex Alliance,5653 Highway 6 North,Guelph,ON,N1H 6J2 CANADA,519.821.5060,Assigned 01/12/2021,NA,NA,NA,2021-01-12T00:00:00Z
724,Validity Genetic Testing,NA,P.O. Box 587,Rockwood,ON,N0B 2K0 CANADA,905.866.7800,Assigned 02/05/2020,NA,NA,Formerly known as Vogue Sires,2020-02-05T00:00:00Z
725,Bullseye Genetics GmbH,NA,Lutke Berg 2,"Altenberge, North Rhine Westphalia",NA,DE-48341 GERMANY,(49)25059392222,Assigned 08/18/2021,NA,NA,NA,2021-08-18T00:00:00Z
726,All USA Beef Inc.,NA,270 Parkview Drive,Oak Park,CA,91377,971.204.8588,Assigned 01/27/2022,NA,NA,NA,2022-01-27T00:00:00Z
727,Precision Genetic Solutions LLC,NA,1250 Lucerne Avenue,Gustine,CA,95322,209.704.2853,Assigned 03/28/2022,NA,NA,NA,2022-03-28T00:00:00Z
728,Breeder Owned Sire Solutions (BOSS),NA,228636 County Road J,Wausau,WI,54403,715.574.4374,Assigned 03/28/2022,NA,NA,NA,2022-03-28T00:00:00Z
729,ABS Global,ABS Global,P.O. Box 459/1525 River Road,Deforest,WI,53532,608.846.6417,Assigned 10/21/2014,NA,NA,NA,2014-10-21T00:00:00Z
730,Redcarpet Sires,NA,34695 Kirkland Road,Kirkland,IL,60146,815.979.5314,Assigned 06/23/2022,NA,NA,NA,2022-06-23T00:00:00Z
733,AG3NexGen Inc.,NA,406 Fallsview Road,Dundas,ON,L9H 5E2 CANADA,905.308.1008,Assigned 06/26/2020,NA,NA,NA,2020-06-26T00:00:00Z
734,Jetstream Genetics,Jetstream Genetics,P.O. Box 437/N8452 Airport Road,Watertown,WI,53094,"920.206.4532, Fax:920.262.8022",Assigned 06/16/2017,NA,NA,NA,2017-06-16T00:00:00Z
746,North Florida Holsteins,NA,2740 West County Road 232,Bell,FL,32619,"352.463.7174, Fax:352.463.1106",Assigned 10/12/2017,NA,NA,NA,2017-10-12T00:00:00Z
747,"Androgenics, Inc.",NA,PO Box 183,Oakdale,CA,95361,"209.847.1101,Fax:209.847.5711",Assigned 08/02/2013,NA,NA,Designated for Sexed Semen,2013-08-02T00:00:00Z
751,GENEX Cooperative/CRI,Genex,100 MBC Drive/P.O. Box 469,Shawano,WI,54166,"715.526.2141, Fax:715.526.3219",Assigned 04/07/2009,NA,NA,Designated for Sexed Semen,2009-04-07T00:00:00Z
752,GENEX Cooperative/CRI,Genex,100 MBC Drive/P.O. Box 469,Shawano,WI,54166,"715.526.2141, Fax:715.526.3219",Assigned 04/07/2009,NA,NA,Designated for Sexed Semen,2009-04-07T00:00:00Z
758,GenoSource Genetics,NA,2188 78th Street,Blairstown,IA,52209,319.350.1426,Assigned 04/05/2019,NA,NA,NA,2019-04-05T00:00:00Z
777,Semex Alliance,Semex Alliance,5653 Highway 6 North,Guelph,ON,N1H 6J2 CANADA,"519.821.5060, Fax:519.821.9606",Assigned 03/01/2006,NA,NA,Designated for Sexed Semen,2006-03-01T00:00:00Z
794,ABS Global,ABS Global,P.O. Box 459/1525 River Road,Deforest,WI,53532,608.846.6417,Assigned 10/21/2014,NA,NA,NA,2014-10-21T00:00:00Z
799,"Blondin Sires, Inc.","Blondin Sires, Inc.",620 Rang St. Vincent,St. Placide,QC,J0V 2B0 CANADA,450.258.2904,Assigned 05/02/2018,NA,NA,NA,2018-05-02T00:00:00Z
802,ABS Global,ABS Global,P.O. Box 459/1525 River Road,Deforest,WI,53532,608.846.6417,Assigned 05/26/2016,NA,NA,NA,2016-05-26T00:00:00Z
803,ABS Global,ABS Global,P.O. Box 459/1525 River Road,Deforest,WI,53532,608.846.6417,Assigned 03/27/2019,NA,NA,NA,2019-03-27T00:00:00Z
804,ABS Global,ABS Global,P.O. Box 459/1525 River Road,Deforest,WI,53532,608.846.6417,Assigned 03/27/2019,NA,NA,NA,2019-03-27T00:00:00Z
805,ABS Global,ABS Global,P.O. Box 459/1525 River Road,Deforest,WI,53532,608.846.6417,Assigned 03/27/2019,NA,NA,NA,2019-03-27T00:00:00Z
806,ABS Global,ABS Global,P.O. Box 459/1525 River Road,Deforest,WI,53532,608.846.6417,Assigned 03/27/2019,NA,NA,NA,2019-03-27T00:00:00Z
814,Select Sires-AG,Select Sires,E10890 Penny Lane,Baraboo,WI,53913,"608.356.8357, Fax:608.356.4387",Assigned 03/12/2009,NA,NA,Designated for Sexed Semen,2009-03-12T00:00:00Z
829,ABS Global,ABS Global,P.O. Box 459/1525 River Road,Deforest,WI,53532,608.846.6417,Assigned 10/21/2014,NA,NA,NA,2014-10-21T00:00:00Z
852,Geno,Geno AI Center,Storhamargata 44,2317 Hamar,NA,NORWAY,4795020600,Assigned 03/14/2019,NA,NA,NA,2019-03-14T00:00:00Z
888,Semex Alliance,Semex Alliance,5653 Highway 6 North,Guelph,ON,N1H 6J2 CANADA,519.821.5060,Assigned 03/01/2006,NA,NA,Designated for Sexed Semen,2006-03-01T00:00:00Z
894,ABS Global,ABS Global,P.O. Box 459/1525 River Road,Deforest,WI,53532,608.846.6417,Assigned 10/21/2014,NA,NA,NA,2014-10-21T00:00:00Z
929,ABS Global,ABS Global,P.O. Box 459/1525 River Road,Deforest,WI,53532,608.846.6417,Assigned 10/21/2014,NA,NA,NA,2014-10-21T00:00:00Z
994,ABS Global,ABS Global,P.O. Box 459/1525 River Road,Deforest,WI,53532,608.846.6417,Assigned 10/21/2014,NA,NA,NA,2014-10-21T00:00:00Z
