reg_id,inbreeding
HOCAN000000334723,4.75
JENZL000JR351910M,5.5
BSCHE110716024916,0.1
JENZL000JR352442M,2.68
JENZL000JR358408M,0.13
JENZL000JR355565M,1.06
HODEU001002039512,2.05
BSCHE110073053734,0.61
HOUSA000001889503,2.98
JENZL000JR356206M,13.53
JENZL000JR356766M,2.4
BSCHE110200079408,0.13
HODNK000000018007,0.94
BSCHE111215038053,0.41
HOAUT000219161267,1.65
HOUSA000001917890,8.09
BSITABZ0000118902,4.99
HODNK000000017155,0.19
JENZL000JR358521M,3.44
HOUSA000001982605,2.59
HODNK000000019307,1.15
HODNK000000018662,0.75
BSCHE110097226411,0.48
HODNK000000220531,0.81
HODNK000000220227,0.98
BSCHE110053242790,0
HODNK000000220614,0.86
HODNK000000222078,1.23
HODNK000000221593,1.92
BSAUT000227310261,1.58
HOGBR000000510793,6.48
HODNK000000222304,3.63
AYFIN000000038850,3.32
HODNK000000223679,1.95
BSCHE110907128638,0.17
BSCHE110121161374,1.14
BSCHE110009051995,0.05
HODNK000000223624,3.55
HOITA003603001768,0.59
HODNK000000222897,1.19
HODNK000000223175,1.96
HODNK000000222669,0.16
HODEU001020505516,0.86
HODNK000000223450,3.55
HODNK000000223196,3.23
JENZLBHKJ19860079,0.12
HODNK000000223663,4.25
HODNK000000224484,0.14
BSCHE110509095055,0.05
BSCHE110177082661,1.38
JEUSA000000649067,0
BSCHE110053265270,0.05
HODNK000000224107,0.76
HODEU001020597245,1.15
BSCHE110031098234,0.85
HODNK000000225270,3.6
HODNK000000225079,1.69
HODNK000000226213,2.07
HODNK000000225742,2.88
HODNK000000225243,0.31
JEDNK000000048006,4.98
HODEU000606552599,0.47
BSCHE110175130593,2.35
HODNK000000225921,0.44
HODNK000000225905,0.65
HODEU001011036920,2.52
HODNK000000226106,0.65
HODNK000000226085,0.77
HODNK000000226678,1.75
JENZLBJVY19880038,1.89
HODNK000000226751,0.23
MSUSA000360007331,0
HODNK000000227289,0.35
HODNK000000228086,1.37
HODEU001002497368,0.82
HODNK000000227146,2.91
HODNK000000227517,0.88
HODNK000000228228,0.9
AYDEU000101346711,0
HODEU001011084348,1.18
BSCHE110117087206,0.24
HODNK000000229051,2.03
HODNK000000229215,0.31
HODNK000000229271,1.03
HODNK000000229515,1.9
HODNK000000229596,1.9
HODNK000000229086,1.94
BSCHE110907160959,0.52
HODNK000000229360,1.23
BSCHE110181064325,5.94
HODNK000000230171,1.55
HODNK000000230308,2.06
HODNK000000230804,1.8
HODNK000000231159,1.11
MSUSA000370007556,0.5
HODNK000000230943,4.3
HODNK000000231105,1.11
JEDNK000000049271,0.78
AYNZLCHDD19910040,1.01
HONZLBWJM19910100,0.03
BSCHE110346056479,0.72
HODNK000000231694,4.48
JEDNK000000049374,2.1
HODNK000000231705,1.78
BSCHE110054332407,2.96
HODNK000000231413,5.05
HODNK000000231418,5.05
HODNK000000231417,5.05
HOUSA000002199312,9.03
HODNK000000234297,4.63
JENZL0FGR19920051,1.62
JENZLCHRV19920041,0.19
JEDNK000000049643,0
HODNK000000232269,1.34
HODEU002075813859,0.09
HODNK000000234355,4.45
HODNK000000233171,3.17
HOUSA000002218433,13.69
HODNK000000234216,4.48
HODNK000000034673,0.34
BSCHE110180124457,5.02
HODNK000000234314,1.02
MSUSA000370008174,0
JENZLBHKJ19930024,7.33
HOITA000908015865,1.43
AYDEU000112732862,3.13
JENZL0FGR19930070,0.74
HOUSA000002252406,2.22
JEDNK000000300122,3.38
HOITA000908035043,2.6
HODEU001015264291,2.58
BSDEU000910357682,1.87
HOUSA000002252407,17.06
BSDEU000916629530,8.6
BSCHE110916038775,3.66
BSCHE110060164405,0.47
HODEU000911513594,1.67
HODEU002241001789,3.79
JEDNK000000300697,3.34
AYSWE111341100495,0
BSITABZ0000249850,1.99
BSITAPR0000127702,1.49
BSCHE111212077253,0.05
HODNK000000238195,5.44
JEDNK000000300986,3.64
JEDNK000000300829,3.77
HOCHE712709054643,1.6
HODNK000000237947,3.13
BSCHE110728041598,0.98
HODNK000000237568,5.91
BSCHE110097294328,2.26
AYFIN000000041468,0.95
HODNK000000238774,1.91
HODNK000000238694,2.27
JEDNK000000301049,0.05
JEDNK000000300962,3.85
JEDNK000000300935,1.24
BSCHE110125174042,1.78
BSDEU000916758694,2.13
BSCHE110055214498,3.87
BSCHE111453050435,1.56
HODNK000000239813,4.26
BSCHE110349146382,0.84
JEDNK000000301181,0.48
AYSWE814601120096,0.17
BSDEU000930138746,3.36
HODEU000110881106,3.52
AYLVA046215010100,0
JEDNK000000301174,0.05
MSUSA000000441016,8.2
JEDNK000000301428,0.1
HODEU001600391716,0.79
JEDNK000000301220,0.68
HOGBR000000587260,1.67
HOFIN000000092336,0.63
HOFIN000000092348,0.25
HODEU000342550316,3.32
JEDNK000000301449,3.69
HODNK000000241351,4.88
HOMEX000660007625,4.97
BSCHE110156100034,2.4
JEDNK000000301544,0.11
JEDNK000000301524,0.39
MSUSA000000443481,0
HODNK001617301175,4.12
JEDNK000000301575,0.17
HODEU000111531983,2.77
HOFIN000000092788,0.27
JEDNK000000301579,4.17
JEDNK000000301622,0.98
JEDNK000000301669,1.88
JEDNK000000301476,0.05
JEDNK000000301549,1.33
HOUSA000126083556,6.76
HOGBR000000594826,3.22
HODEU000343593157,6.96
HODNK000000243058,2.6
HODEU001502227977,3.62
JEDNK000000301751,0.98
BSCHE110941171652,3.99
GUUSA000000603988,2.44
JEDNK000000301840,3.58
AYDNK000000035936,2.07
HODNK000000244089,3.03
JEDNK000000302008,1.68
HODEU000344128812,9.45
HONLD000286286002,2.88
JEUSA000111390337,4.76
HODEU000112771402,3.26
JEDNK000000302024,4.61
BSCHE120009128054,2.59
HOGBR000000604347,2.06
JENZL0FMW20000156,0.29
HODEU000112711944,5.7
JEUSA000111644351,1.94
HODEU000112783095,2.32
JESWE000000000625,0.04
JEDNK000000302141,5.24
JEDNK001970002409,0.74
HODEU000345719054,4.13
MSUSA000000451031,6.01
HODNK000000245540,4.07
HODEU000347095128,1.53
AYGBR000006180926,0.29
JENZL0GFW20010113,0.52
HOCHE120014447355,3.71
HODEU000113488015,3.59
AYFIN000000004255,1.27
BSCHE120002146789,4.85
BSCHE120018602361,2.45
HOITA017500154668,2.23
BSCHE120023525761,4.58
HOCHE120021464611,2.39
JEGBR000000054438,1.92
JEDNK000000302427,5.18
HOGBR000000615619,7.14
JENZL0PTV20020041,1.04
JEDNK000000302334,2.06
GUUSA000000604723,3.03
BSCHE120018816270,2.56
JEDNK000000302449,0.58
HODNK004973801627,4.37
HODEU000347558368,5.74
BSCHE120028665516,4.41
HODEU000346285777,5.35
HOCHE120024936610,3.4
HODEU000346496397,4.88
BSCHE120015456400,5.77
BSCHE120022890648,6.02
AYDNK000000036227,0.26
BSCHE120026503681,1.08
BSCHE120032528364,4.73
BSCHE120034870263,0.69
JEDNK000000302488,1.46
JEIRL191177250277,0.16
BSCHE120010533007,3.4
MSUSA000360011223,0.26
BSCHE120029000057,2.18
HONLD000372239680,3.34
HOLVA014100910098,2.86
JEDNK000000302657,1.14
BSITA021001179000,2.92
JEDNK000000302559,1.81
HOGBR000000620713,2.39
HODEU000347912178,1.83
BSCHE120030156675,1.33
HOITA098500196091,6.02
BSCHE120029378934,5.05
AYFIN000000044848,0.95
AYFIN000000044014,1.63
BSCHE120040140541,3.03
HONLD000370186168,2.86
BSCHE120030666396,7.45
JEDNK000000302689,3.08
JEDNK006193501301,1.05
HODEU000114032679,6.61
MSUSA000360011789,0.26
BSCHE120042977336,1.96
JEDNK000000302694,4.16
JEZAF000048833461,5.53
AYFIN000000044333,2.34
BSCHE120039398052,2.61
AYNLD000389504906,1.57
HOGBR000000625392,3.23
HOCHE120042532849,2.01
HODEU000349498654,3.99
AYFIN000000044204,2.18
BSCHE120042977473,0.99
JEUSA000114996000,10.09
HONLD000038545499,7.81
GUUSA000068007819,6.21
BSCHE120040449156,1.56
HODNK000000250593,6.02
HOGBR000000628196,0.29
JEZAF000061318911,4.75
JENZL000000314779,17.29
AYNZL0JGB20050058,2.7
JEUSA000067031844,3.79
JEGBR000000054797,1.64
AYFIN000000046196,2.21
JEUSA000067027301,3.2
HOFIN000008416303,1.01
BSCHE120012468000,1.12
JEUSA000114799939,3.81
JEUSA000114960423,8.25
JEUSA000115700127,0.23
HODEU000350213926,4.07
HONLD000440270586,2.21
JEUSA000114988621,3.98
HODEU000115129243,1.85
HOGBR000000630338,6.16
HODEU000350338454,2.91
BSCHE120051628311,2.3
AYFIN000000044855,1.13
JEUSA000067081108,8.82
HOGBR000000634591,6.51
AYFIN000000045138,1.81
BSCHE120055561164,0.54
HODEU001302894260,8.17
AYFIN000000045383,1.88
JEZAF000063116271,5.82
BSCHE120054322209,2.74
BSCHE120047770291,4.69
HOGBR000000632447,0.49
HODEU001302894333,8.3
JEUSA000117145878,2.34
HOGBR000000632405,0.62
JEUSA000115262881,5.57
BSCHE120058539689,1.15
JEUSA000116076113,8.51
BSCHE120049359142,6.91
JEUSA000115255159,9.57
HODEU000351231201,4.48
HODNK000000299792,4.22
JEUSA000067092563,7.51
HODEU000350709422,6.58
AYFIN000000045434,1.89
JEUSA000115413018,4.71
HONLD000439648169,3.08
HOCHE120055482858,1.71
AYFIN000000045095,0.97
AYFIN000000047162,1.83
HODNK000000036678,5.07
BSCHE120042005022,1.19
HONLD000486925987,2.85
BSDEU000942307411,4.38
AYFIN000000045241,1.31
JEZAF000065127813,2.8
JEZAF000066019134,0.34
JEZAF000065107500,4.9
HONLD000478552847,1.26
JENZL000000581753,0.6
HONLD000291691198,3.87
JEUSA000067161471,1.98
JEZAF000066129743,4.57
HODEU000351896289,4.2
JEZAF000066034232,7.38
JEZAF000066165598,6.99
JEUSA000115953806,10.24
HOZAF000066362435,0.1
JEUSA000115992401,6.01
JEZAF000066018003,5.67
JEDNK000000303282,6.21
HODEU000351330509,5.93
JEZAF000066165242,3.46
JEUSA000116838959,2.11
JEZAF000066057613,6.19
JEUSA000116838995,0.28
AYLVA040201610076,3.76
AYLVA060121510004,1.02
AYLVA042357411030,0.31
BSCHE120065239503,6.39
JEZAF000071053060,6.62
HODEU001303225663,5.16
JEDNK000000303777,2.05
MSUSA000068302164,1.97
JEUSA000117084036,2.94
JEZAF000067193318,7.85
JEUSA000116166003,6.35
AYLVA060104910150,0.94
JEGBR000000055327,3.92
JEUSA000116382560,1.23
JEZAF000067204776,6.78
JEDNK000000303279,4.93
JEZAF000067203927,3.81
JEDNK001990304026,4.67
HODEU000116377148,7.34
AYGBR000006181640,2.96
JEDNK000000303335,1.87
JEDNK000000303439,1.87
JEUSA000116327451,6.16
HOIRL191293512270,0.7
JEUSA000067079264,0.36
JEDNK000000303262,1.7
AYFIN000000046046,2.07
AYGBR000006181550,0.74
JEUSA000116841379,0.27
HOEST000009781986,2.79
HOHRV009101678215,5.47
BSCHE120077156393,5.71
JEUSA000116480156,3.98
JEZAF000067782722,3.57
BSCHE120074367099,3.81
BSDEU000942459769,2.55
HOCHE120073983412,3.12
JEDNK000000303444,3.42
BSDEU000942808040,1.26
JEDNK000000303332,3.42
HODEU000352737989,5.07
HOPOL005217669316,2.12
JEDNK004348901740,4.27
HOCHE120073391316,3.45
JEIRL351134581307,0
JEZAF000068718253,1.92
BSCHE120076149730,4.77
HOIRL191347140441,0.01
HONLD000526972489,3.87
JEDNK001990304108,1.38
HOIRL281379891515,0.88
HODEU001303326445,5.58
JEZAF000067996736,8.33
JEAUS000020594303,8.42
JEDNK000000303443,3.84
JEZAF000075149773,0.25
BSDEU000943600152,2.47
HOIRL331504660395,2.4
JEGBR000000055402,1.73
HOGBR000000645602,4.95
HOPRT000215523833,7.03
BSDEU000942961820,3.06
HONZL000000514695,1.21
BSDEU000943664705,6.38
HONLD000888080417,3.83
JEDNK000000303365,1.96
BSDEU000943437480,3.66
AYNZL0WGR20090071,0.78
HONLD000584147773,3.67
JEDNK001990304190,4.81
BSCHE120076532235,5.09
HONZL000000514647,4.14
BSDEU000943161315,3.09
BSDEU000943161316,3.09
BSCHE120081380074,0.58
BSCHE120079067956,3.76
BSDEU000942306478,4.23
BSDEU000943679573,4.36
JEZAF000070895511,1.13
JEDNK000000303407,6.43
JEDNK001990304203,6.43
BSDEU000943663616,7.01
BSDEU000943663614,5.44
BSCHE012007948035,4.33
BSCHE120083437936,3.85
BSCHE120082750647,6.04
BSDEU000943678088,3.2
BSCHE120081962331,9.45
JEAUS000A00019646,6.75
HODEU000353300751,4.22
BSCHE120076479981,3.81
BSCHE120082343764,5.09
BSDEU000942961158,2.81
BSDEU000663525291,2
BSCHE120081223463,6.31
HODEU001303718946,5.3
BSCHE120083782715,4.17
JEUSA000117704136,0.38
JEDNK000000303552,2.84
JEDNK001461301765,6.23
HOLTU000005346435,3.43
BSDEU000944694661,2.11
BSDEU000944395742,0.84
BSDEU000944030126,3
BSDEU000944390922,1.78
JEIRL291460470516,6.87
BSCHE120084027631,5.19
HODEU000352713277,6.32
BSCHE120082904958,4.18
JEDNK000000303438,2.84
BSAUT000494243217,2.48
HONLD000892808955,2.31
HOPOL005277981557,3.34
BSDEU000944214928,1.15
BSDEU000943354330,2.99
BSDEU000944216251,6.11
BSDEU000943680994,5.28
HONLD000568365614,2.95
JEDNK000000303520,4.57
BSDEU000944211529,1.63
JEDNK000000303471,4.75
HOIRL211338921245,0.03
HOGBR000000649194,5.02
HOIRL151828781964,0.24
JEDNK000000303507,3.03
JEGBR000000055492,3.17
HOIRL141704040511,0.15
HOIRL151828751986,0.32
HOIRL141733080324,3.02
JEZAF000070438882,9.09
BSDEU000814262828,6.04
HOIRL191042591067,0.56
BSDEU000944386350,1.16
HOIRL151565832163,2.42
BSDEU000944792968,2.2
HOIRL331100990922,0
JEDNK001365002570,5.04
JEIRL351357210178,0
HOIRL291051171135,3.45
HOIRL351052080911,0.18
HOIRL191079740798,0
HOIRL351357290210,0.42
HOIRL161311790699,0
AYDNK000000037044,0.3
BSDEU000944033800,2.39
HONLD000694493818,2.96
HOIRL141878831700,2.22
HOPOL005182436333,1.1
HONLD000691930127,4.56
HOIRL261129681503,1.19
AYLVA032885011699,0.15
HOIRL141654232964,2.25
HOIRL131731771717,7
AYEST000011508564,5.2
HOIRL331416240790,2.61
BSDEU000944030831,3.77
JEZAF000072076144,5.39
HOIRL351066120954,0.38
HOIRL161260282104,1.23
JEDNK000000303505,3.72
JEZAF000070674684,10
JEIRL371145340647,1.47
BSAUT000948215116,1.03
BSDEU000944862826,1.46
AYEST000011649908,2.5
JEZAF000070457957,0.97
BSDEU000944397445,3.43
AYLVA032885011722,0.5
BSAUT000540061816,1.51
HOAUS000H01646397,5.46
BSDEU000943773624,3.97
AYDNK000000037067,0.96
BSDEU000814536466,4.22
BSCHE120089197186,1.93
HODEU000353779411,3.53
AYGBR000006181685,0
AYFIN000000047219,0.39
AYDNK002098001857,1.16
AYDNK000000037065,1.16
BSAUT000112528718,0.9
HONLD000570480082,3.75
MSUSA000068306774,5.01
HODEU001602804205,4.51
AYLVA032885011758,0.77
AYSWE311041312610,0.8
BSDEU000944552432,3.98
HONZL000000514541,1.3
HONLD000892801536,3.15
GUUSA000068041980,4.25
JENZL000000314758,0
AYDNK002098001884,1.16
BSCHE120083339179,4.38
HONZL000000515622,1.18
BSCHE120090528764,6.74
BSCHE120090210133,5.13
JEUSA000117325555,0.29
JENLD000534705499,6.5
AYFIN000000046029,0.44
AYEST000012326310,0.63
BSUSA000068125797,6.7
HONZL000000511621,1.48
AYCOL000000017464,0.07
JEIRL281396652184,3.41
HOLVA022100710173,0.75
JEDNK000000303550,6.17
BSDEU000944857758,2.48
JEIRL281396642225,1.62
HOIRL141861371680,1.17
HONLD000742086393,3.15
HOIRL151795642564,3.64
JEDNK000000303548,7.42
BSCHE120091245547,3.55
BSCHE120089272814,6.17
BSDEU000944558674,3.07
HONLD000893020985,4.27
JEIRL191267990645,5.58
BSITA022990139485,6.88
BSCHE120086038246,6.35
HOIRL151013741374,0.47
AYNZL000000514582,1.28
HOCHE120087586241,4.39
HOCHE120084350982,3.27
BSCHE120083967198,4.64
HOISR000000007775,2.29
AYSWE810871747210,2.13
HOIRL201094771608,0.92
JEDNK000000303752,6.95
HOIRL151013731381,0.51
JEIRL151306891418,2.98
HOIRL201094791618,0.99
BSCHE120088545216,6.42
HOCHE120068331396,3.46
HOIRL241458511800,1.33
HOIRL151019634498,2.72
AYFIN000000046031,2.08
BSDEU000945318846,2.91
HOGBR000000651811,0.55
BSAUT000383396318,6.01
JEDNK000000303644,5.97
HOIRL151054041268,0.32
HOIRL211338991359,0.03
HOIRL141475881239,3.52
HOIRL151548571135,0.35
HOIRL151548561142,0.01
AYSWE241251820111,0.21
HOIRL241845980795,6.88
HOIRL151870050443,2.2
AYLVA044719818719,0.03
HOIRL141582082008,2.8
HOIRL151601691530,2.12
HOIRL211116941165,0.43
BSCHE120084478754,3.94
HOIRL291626360711,1.54
HOIRL211180391502,2.02
HOIRL151144880975,0.56
HOPOL005273052916,2.01
HOIRL341327950700,4.2
HOIRL151799190933,4.61
JEIRL151828712163,1.1
HOIRL211116911179,0.37
HOIRL141617671477,2.12
HOIRL151003591506,0
HOIRL191404840905,1.76
HOIRL151289150948,0.01
HOIRL191357651600,3.23
HONLD000699828255,3.06
HOCHE120095108749,1.52
HOIRL241092350401,0.17
BSCHE120085769301,0
JEIRL151828762192,0.46
HOIRL241476461667,0.48
HOIRL131693770901,2.28
JEIRL151379974067,0
JEIRL151828732198,1.25
HOIRL371010031000,2.44
HOIRL182200110994,1.36
HOIRL331079624238,0.76
HOIRL331467380886,0.1
HOIRL151054041292,1.03
JEIRL151828782211,1.3
BSITA023990269464,4.15
HOIRL151828752217,2.05
HOIRL211058430875,0.28
BSAUT000717155118,5.64
JEIRL141556231683,0
JEIRL151709710945,0
HOIRL341555730334,3.54
HOIRL241161720901,0.11
JEIRL141766790905,0.56
HOIRL341350781523,2.69
HOIRL211180381526,0.2
HOIRL141643131012,0.89
AYGBR000006181763,1.88
HOIRL241128381767,2.99
HOIRL351283881274,1.91
HOIRL241128341771,1.65
HOIRL241128361765,0.14
HOIRL151288570725,0.39
BSAUT000177821118,9.56
HOIRL221397770529,0.02
JEIRL241128351772,3.47
JEIRL151828762267,0.38
HOIRL191210161070,2.85
HOIRL341127163764,2.37
HOIRL161311730792,0.02
HOIRL191404070527,0
HOIRL241627370711,0.99
HOIRL191163140896,3.84
HOIRL331350680486,0.43
HOIRL241889610310,1.2
HOIRL331416250874,1.2
HOIRL151383342083,0.45
HOIRL281293891609,2.75
HOIRL341093430809,0.8
AYFIN000000046095,3.3
HOIRL211043290703,0
HOIRL151868571879,3.32
HOIRL141761271353,0.05
HOIRL341123541150,1.81
HOIRL161260222395,1.86
HOIRL191038450626,2.54
HOIRL191188680629,0.49
HOIRL191487420448,0.46
HOIRL141475841276,6.14
HOGBR000000653960,0
JEZAF000072685878,3.12
JEZAF000073929895,0.44
HOIRL141344920620,0.51
HOIRL241128331787,0.89
HOIRL241128331795,0.86
HOIRL141643111043,0
HOIRL141462581207,0
HOIRL182200171073,1.39
BSDEU000814799076,1.99
HOIRL151144850989,0.3
HOIRL141878871860,0.06
HOIRL151074711455,0.75
HOIRL211058430925,0
JEIRL182348654198,0
HOIRL281632751886,0.63
HOIRL151623452372,1.28
AYSWE365401256311,0.75
BSDEU000945786383,2.93
AYFIN000010541485,4.56
HOIRL341462811006,0
HOIRL151548561225,1.9
JEDNK000000303617,5.45
HOIRL211351911214,2.76
BSAUT000477791218,5.49
BSDEU000945814457,2.48
AYSWE517921893311,0.99
HOIRL211351921223,2.46
AYSWE726131742611,1.67
AYSWE000000071466,0.88
HOIRL371428671801,0.65
AYEST000012445554,2.83
JEDNK000000303621,7.24
AYLVA014195518700,0.36
HOIRL331416220905,0.02
AYDNK000000037183,0.33
JEDNK000000303632,7.59
BSCHE120086709764,3.62
JEDNK000000303682,4.62
HOIRL161276521176,2.36
BSCHE120095764136,4.85
HOEST000011982852,3.36
HOIRL141355320474,0.02
JEDNK000000303624,6.72
JEDNK000000303625,6.04
BSCHE120096636531,4.16
HOIRL141382591538,14.34
AYSWE404691559911,0.28
BSCHE120093599877,7.15
JEDNK000000303735,6.7
AYSWE300931032211,0.48
JEZAF000075673129,5.17
JEDNK000000303712,3.14
AYSWE232841145511,1.08
BSAUT000784356518,5.12
JEDNK000000303656,6.7
HOLVA022315219422,4.43
BSDEU000945806164,0.07
JEDNK000000303659,5.42
HOGBR000000659761,6.81
AYEST000011963998,0.51
JEDNK000000303661,5.38
JEDNK000000303662,5.38
JEDNK000000303740,3.13
AYDNK000000037194,1.3
AYEST000012524297,1.95
HONLD000532277422,3.63
BSCHE120093900680,2.85
BSCHE120096078102,0.08
HONZL000000114969,2.4
HONZL000000114960,3.68
MSNZL000000512547,0.55
HONLD000745782261,2.55
JEDNK000000303717,8.84
AYEST000013047603,0.65
AYFIN000000046942,2.43
AYFIN000000046311,1.86
BSCHE120097544262,8.85
AYDNK000000037187,2.47
AYSWE930221138211,0.38
AYFIN000000046306,0.36
AYEST000013325190,1.47
AYDNK000000037244,3.16
AYEST000013325268,2.08
HONLD000893302287,2.92
AYFIN000000046305,0.21
HOLVA000000519040,3.06
AYSWE000000099495,1.1
HONLD000538145512,4.38
BSAUT000186909619,4.81
BSCHE120092371306,4.9
AYDNK000000037190,0.66
BSAUT000327908519,6.48
AYFIN000000046499,0.39
AYDNK000000037173,0.99
HOLVA024344410694,2.37
BSFRA008502229183,6.56
HOIRL241458551886,1.4
JEDNK000000303706,5.98
HODEU001501875249,3.41
BSDEU000946349441,0.2
BSCHE120094221371,4.32
AYEST000013325916,1.13
AYSWE000000037238,1.36
AYFIN000000046416,3.72
HONLD000724620584,3.32
BSDEU000945632805,0.98
BSCHE120097407390,2.85
GUUSA000068045565,5.2
BSCHE120098955272,4.34
HOIRL241719061178,0.13
HOIRL141163861189,0.86
HOCZE000587989072,3.52
BSUSA000068163589,7.92
HOIRL351286271158,2.36
BSCHE120096550134,5.84
HOCHE120097551840,3.62
HOCHE120096685096,3.67
JEUSA000119074709,2.63
AYLVA026155110034,1.4
HOIRL341468973193,0
AYDNK000000037224,0.66
HONLD000748970845,3.04
BSDEU000947306732,0.22
AYSWE000000099540,0.89
BSCHE120094378013,5.28
JEDNK000000303728,5.02
HONLD000933720202,3.32
HOIRL141420930703,1.56
BSDEU000946311992,4.94
BSCHE120096902056,5.37
AYSWE603501053211,0.15
BSCHE120098763822,8.05
BSCHE120098763839,8.05
BSCHE120094983729,1.39
HONLD000892836862,3.32
AYSWE230471573612,0.72
HOIRL241434531258,0.08
HONLD000721221966,1.58
HOIRL331345741075,9.62
BSCHE120100295563,2.52
HOIRL141869991258,1.24
BSDEU000946324576,4.68
HOIRL331467381100,0.01
GUUSA000068046850,5.73
AYEST000013660314,0.76
HOIRL241434511264,0.15
HOIRL151054071386,1.92
AYEST000013660376,0.54
HOIRL241434521265,0.07
HOIRL191085270944,0
HOIRL141617981442,1.76
HOIRL141163871215,1.06
HOIRL221372381154,2.53
HOIRL141544491485,1.27
HOIRL141475871337,2.59
AYFIN000000046607,1.84
HOIRL151549266869,0.59
HOIRL151055211014,3.22
HOIRL151382260942,1.22
HOIRL221061061535,2.86
AYFIN000000046849,1.98
HOIRL141940620644,1.36
AYEST000013515805,0.56
HOIRL151868781333,6.18
HOIRL151047890898,0.57
HOIRL141940630645,1.51
HOIRL241365530959,3.81
HOIRL141973810567,1.84
HOIRL221372391163,1.65
HOIRL191085220972,1.9
HOIRL371015341641,4.65
HOIRL211173990881,0.45
HOIRL191250880881,1.98
HOIRL351215561451,3.11
HOIRL151289181040,1.05
HOIRL341279951386,2.32
HOIRL131797780793,1.24
HOIRL151597060526,1.54
HOIRL211119050641,2.38
HOIRL351300870914,1.07
HOIRL331332650985,1.14
HOIRL151013731522,1.4
HOIRL141582032218,1.8
HOIRL211213621070,0.84
HOIRL151430271205,1.49
HOIRL151436580540,0.51
HOIRL221210371965,0.78
HOIRL151548551298,0.23
HOIRL341293293749,0.2
HOIRL131731731952,1.58
HOIRL151548571300,0.13
HOIRL151000271900,0.52
HOIRL361190880727,1.56
HOIRL141827821870,0.83
HOIRL141848211005,2.95
HOIRL141873691221,0.4
HOIRL151055281029,1.18
HOIRL141672920608,1.89
HOIRL221353540695,0.44
HOIRL141326561178,0.64
HOIRL141902581137,2.43
HOIRL211056250981,1.59
HOIRL221269660604,2.18
HOIRL241665621479,3.6
HOIRL291009351550,0.79
HOIRL351272156692,1.03
HOIRL341327990753,2.04
HOIRL211036630879,2.13
HOIRL241157711450,4.77
HOIRL191042571305,1.78
HOIRL351357210764,1.1
HOIRL341327910754,1.94
JEIRL351357260760,2.91
HOIRL291584760914,3.09
HOIRL191042591307,2.96
HOIRL151622891038,1.79
HOIRL151709721011,1.18
HOIRL211165082008,0.3
HOIRL151548531305,0.91
HOIRL241232061306,1.34
HOIRL151604851206,1.48
AYEST000013141646,1.5
HOIRL371163510529,1.67
HOIRL341327920755,2.18
HOIRL241769550533,3.37
HOIRL182148130914,1.4
HOIRL141582042276,1.15
HOIRL291470441139,7.62
HOIRL301306960935,1.95
HOIRL151140261076,0.62
HOIRL131641210792,1.46
HOIRL241020790824,1.89
HOIRL151675631668,1.18
HOIRL361101841059,1.78
HOIRL341453210689,2.28
HOIRL351066111209,1.13
HOIRL261092161027,9.49
HOIRL341365671265,2.05
HOIRL241152361402,2.69
HOIRL141351452042,0.65
HOIRL341359561457,0.45
HOIRL191365320935,4.62
BSCHE120100861300,3.22
HOIRL261147930937,1.52
HOIRL211180361672,0.38
JEIRL151187571124,0
HOIRL141614250536,5.4
HOIRL291103980988,0.08
JEDNK000000303744,5.91
HOIRL341102421748,1.21
HOIRL341190490735,0.94
HOIRL221277561779,1.63
HOIRL182148150932,0.85
HOIRL151000261965,0
HOIRL151059770892,2.16
HOIRL151751751602,2.6
HOIRL241152351442,0.52
HONLD000734409599,2.49
HOIRL191188951010,3.64
HOIRL341350751652,1.2
HOIRL291051181524,1.33
HOIRL151279920600,1.67
HOIRL331320711182,0.69
HOIRL131671451286,1.12
BSDEU000815086855,1.99
HOIRL151703361137,1.55
JEIRL151187511143,0
HOIRL281129131581,0.63
HOIRL141297720903,1.95
HOIRL141351452018,3.77
AYEST000006607906,0.68
HONZL000000113902,1.14
AYSWE141301396612,1.28
HOIRL151678971333,3.07
HOIRL261027310473,0.29
HOIRL361101841125,0.74
HOIRL281133371305,2.55
AYSWE000000099559,1.85
AYFIN000000046564,0.17
HOIRL381032720607,3.29
HOIRL161971591781,1.19
AYSWE000000099561,4.27
JEUSA000067198594,2.97
HOIRL211165022101,0.48
HOIRL331319551478,0.26
HOIRL241769630308,2.53
HOIRL221087243077,0.69
HOIRL211137390693,0.33
HOIRL241848740747,0.77
AYDNK000000037260,3.38
HOIRL191505890591,2.59
AYFIN000000046646,4.09
HOIRL191624441232,3.03
HOPOL005282736890,2.83
BSCHE120062853900,4.03
HOIRL341000223289,0.64
AYDNK000000037262,1.41
HOIRL241481740929,2.44
AYFIN000000047057,0.71
AYSWE000000099554,1.74
HOIRL151519170637,2.66
HOIRL371054070894,9.16
AYFIN000000046649,4.17
AYSWE000000099565,1.19
AYFIN000000046471,2.92
AYDNK000000037265,0.09
AYDNK000000037315,0.09
AYSWE000000099557,0.91
HOIRL151548511336,0.82
AYDNK000000037316,0.09
BSDEU000946317104,2.29
BSAUT000600630819,4.26
AYEST000013516598,2.6
AYDNK000000037267,1.24
GUUSA000068048419,4.79
HOIRL141355310498,0.02
AYSWE283041196912,2.33
AYFIN000000046687,1.4
AYFIN000000047553,0.24
BSDEU000815115665,6.7
BSFRA005455092729,6.19
GUUSA000068049222,3.5
BSFRA005455092731,6.19
BSCHE120101460458,4.67
HONLD000583448396,4.42
BSCHE120097723193,3.22
JEZAF000077456721,5.06
AYFIN000000046707,1.81
HOIRL191267120828,3.57
BSFRA002526045095,6.19
HONLD000583448411,4.42
HOCHE120095796106,6.38
AYSWE000000099580,1.13
BSFRA002150580565,3.63
AYFIN000000046921,0.93
AYSWE000000099583,0.87
HONZL000000115745,0.87
AYEST000014217678,3.24
AYDNK000000037325,0.63
JEAUS000A00021090,7.46
AYSWE000000099582,1.1
AYFIN000000046989,2.72
HONZL000000515586,1.55
BSCHE120098239112,9.97
AYFIN000000047125,0.51
BSCHE120097649868,5.4
AYFIN000000046580,2.04
AYDNK000000037327,2.46
BSAUT000632132319,8.14
BSFRA000112034350,3.96
BSDEU000946874132,3.63
AYFIN000000047126,0.41
AYSWE000000099593,2.95
AYFIN000000046754,2.47
AYDNK000000037329,1.02
BSCHE120103734014,5.69
AYFIN000000046757,1.11
AYFIN000000047177,0.94
HODNK000000256147,5.66
AYDNK000000037330,1.01
AYFIN000000046759,0.94
AYDNK000000037331,2.26
JENZL000000514598,1.64
HOCHE120103952579,3.68
AYDNK000000037335,2.41
AYFIN000000046930,0.31
AYNZL000000515631,4.53
AYDNK000000037359,3.57
BSDEU000947578596,0.4
HODNK000000256370,5.03
BSAUT000902441119,5.22
AYDNK000000037361,4.16
HODNK000000256845,4.7
MSUSA000068311868,2.25
BSDEU000815403376,1.99
BSCHE120098999856,2.67
AYAUS000A00021752,0.88
JENZL000000513095,1.22
JENZL000000514677,1.22
BSDEU000947306137,16.97
AYSWE000000099609,1.76
BSITA014990091432,6.3
BSFRA002150580593,3.63
AYDNK000000037365,1.45
JECAN000011867667,2.56
BSFRA002136056129,2.04
BSFRA002136056130,2.04
BSFRA002136056127,2.04
JEUSA000119074718,3.01
BSAUT000095462722,1.32
HOIRL351207921557,2.7
AYSWE000000099612,1.45
AYSWE000000099615,3.86
HOHRV001200244399,2.68
AYNOR000000011538,1.02
AYSWE000000099624,1.54
AYFIN000000046805,0.24
BSFRA004812002321,4.59
HONLD000739922387,1.71
AYSWE000000099623,2.3
AYFIN000000046907,0.1
AYFIN000000047307,0.1
HOFRA004460568990,6.19
AYDEU000120812652,0.79
HOLVA024344410833,2.3
AYDNK000000037380,0.63
AYDNK000000037368,3.57
AYFIN000000046825,0.29
HODNK000000257173,8.73
BSAUT000121058322,4.83
AYFIN000000046821,0.22
JEUSA000119193831,3.78
AYDNK000000037373,1.63
HODEU001304407333,3.46
AYDNK000000037374,1.63
AYFIN000000046822,1.26
AYFIN000000046853,4.34
AYDEU000120744541,0.87
BSDEU000815403403,1.99
AYDEU000120708679,0.83
BSFRA002142762750,5.49
BSFRA001213147032,4.85
BSDEU000947864539,1.73
AYNOR000000011555,0.69
HONLD000871186049,0.99
BSFRA001213029121,5.23
AYSWE000000099632,1.64
AYNOR000000011556,0.08
HOISR000000007928,1.66
AYFIN000000046857,1.8
BSDEU000947586610,2.81
HOISR000000007933,0.87
BSDEU000948262833,3.55
HOIRL151013781626,1.22
AYSWE000000099635,1.28
HOIRL191176041237,1.96
AYDNK000000037393,0.38
HOIRL151587320826,2
BSAUT000259423419,5.6
HOIRL241024291217,0.18
HOIRL141163841352,6.47
HOIRL141163881356,6.79
HOIRL151601621763,0.27
HOIRL211180361755,0.28
HONLD000713493317,3.4
HOIRL191066420995,0.84
HOIRL151013751648,3.71
HOIRL241024281249,0.3
HOIRL191065750923,3.92
HOIRL211346812568,0.57
HOIRL211123860950,0.19
HOIRL191903370822,3.38
HOIRL151430251285,3.7
HOIRL151457191853,0
AYSWE000000099636,4.48
HOIRL351214381176,6.28
HOIRL151457121855,0
HOJPN000000056506,4.65
BSFRA002136056110,5.08
HOIRL141643121201,0
HOISR000000007909,2.39
HOIRL151438951207,4.15
HOIRL191116221676,2.54
HOIRL341460361407,5.67
HOIRL211346862589,0.62
HOIRL141643161205,0
AYSWE000000099662,1.26
AYDEU000120779724,0.65
HOIRL191030451408,0
AYEST000014560798,1.4
HOIRL141848231114,2.06
HOIRL141643161213,0
HOIRL141462531334,3.74
HOIRL151230980774,0.12
AYSWE000000099646,1.23
BSDEU000948261481,3.63
AYFIN000000047725,0.83
HOIRL191574550999,1.49
HOIRL141296641261,2.96
HOIRL211169671152,0.01
HOIRL141790571275,2.55
HOIRL141827852104,2.06
HOLTU000006243497,3.23
MSUSA000068315023,1.94
AYFIN000000046958,1.94
AYFIN000000046840,1.21
HOIRL141728861395,1.43
HOIRL151430211331,2.84
HOIRL131780530887,1.21
HONZL000000114512,2.77
HOIRL151548571432,0.62
HOIRL281381541394,4.52
AYFIN000000046957,0.86
HOIRL141525121267,2.99
HOIRL131641220884,1.33
HOIRL151054061550,0.56
HOIRL351215581684,0.01
AYSWE000000099652,1.28
AYSWE000000099664,2.63
HOIRL221312062506,1.9
BSFRA005244500970,4.27
HOIRL141597051723,3.81
AYFIN000000046898,1.26
AYSWE000081812450,7.11
JEAUS000000669785,3.28
BSCHE120102520588,6.22
AYFIN000000046924,0.94
AYSWE000000099648,3.23
HONLD000873091846,3.02
HOIRL211246540819,0.74
HONZL000000114535,2.03
HONZL000000114569,2.03
AYSWE000000099654,2.27
AYFIN000011230229,0.59
HOIRL151245740837,3.01
AYSWE000000099661,3.77
HOIRL241434581378,1.69
HOIRL141597031746,2.26
HOIRL151536540650,1.94
AYFIN000000046926,0.69
BSFRA000913305313,3.33
JEUSA000118431907,6.31
AYEST000014328381,1.52
AYFIN000000046928,3.86
AYFIN000000046929,1.22
AYEST000015368041,0.84
BSDEU000948381155,1.94
HOIRL141414140713,4.67
HOIRL131641250796,1.64
HOIRL371248741213,0.88
HOIRL151013741548,1.02
