reg_id,reg_name
HOBEL000119784595,DELTA BRILLIANT
WWNLD000429133972,BEUKENHOF 346 IDEAL
HODNK000000250354,DANSIRE SHTTLE SOL
HODEU000537611409,Guard
HODNK000000252791,VH Oman Oyvind
HOIRL151054030905,MORRISHEEN OJI FRANK
HONLD000940147494,MOLENKAMP BOLT
HO840003131668940,OCD SLV STORM PROOF-ET
HO840003010979663,NO-FLA ALTAPYRAMID-ET
HO840003009524999,NO-FLA RELEVANT 32798-ET
HOUSA000071852966,AARDEMA HARDCOPY
HO840003125201926,S-S-I PETY PHELPS-ET
HO840003125078468,NO-FLA ALTAHIFASHN-ET
HO840003125078950,NO-FLA BARCLAY
HOUSA000073590486,AARDEMA JANEIRO
HOUSA000073163134,NO-FLA ALTASHOCK
HOUSA000073590455,AARDEMA MESSIBOY
HO840003010607236,QUIET-BROOK-D LAWMEN-ET
HO840003013614193,QUIET-BROOK-D BRADY-ET
HO840003013614191,QUIET-BROOK-D BENNING-ET
HO840003013654522,WELCOME SEESAW-ET
HO840003125325340,WOODCREST KINGBY BUGATTI-ET
HO840003125325344,WOODCREST HNYBEE BENTLEY-ET
HO840003012560133,S-S-I MILES 7392 ROMULUS-ET
HO840003012130531,WOODCREST SSI WNKA BOWIE-ET
HO840003012130529,WOODCREST SSI MNT BOWEN-ET
HO840003147118670,FARNEAR NOBLE JOYNER-ET
HO840003125066315,WELCOME TROY CHASSY-ET
HO840003137839189,GENOSOURCE M-DUKE RINK-ET
HO840003131664081,PEAK ALTABOMBAST-ET
HO840003131664038,PEAK ACCELDECLARE-ET
HO840003131664037,PEAK ALTADEPOT-ET
HOUSA000073956655,MORNINGVIEW JEDI ZEB-ET
HOUSA000071703267,WELCOME MAGNUS WAGNER-ET
HO840003011639750,WELCOME MAURICE LODEN
HO840003011639717,WELCOME PREDEST WALTER-ET
HOUSA000071905925,END-ROAD DADDY MEAD MATT-ET
HOUSA000071852979,AARDEMA SS PRIMERO-ET
HOUSA000073590548,AARDEMA POINT BLANK
HOUSA000073138997,S-S-I MONTROSS DUSTOFF
HO840003011001325,S-S-I UNO ROADRUNNER-ET
HO840003132475249,MIDAS-TOUCH PILLSON-ET
HO840003131083932,MIDAS-TOUCH POLISHED-ET
HOUSA000074564800,PLAIN-KNOLL MONTREY MANDATE
HO840003145055369,BADGER SSI DEANO DANBO-ET
HO840003145055416,BADGER SSI FABIO BRAVAZO-ET
HO840003148279634,AARDEMA SUPERFLY-ET
HOAUS000H01332217,KAARMONA DON LOTTO-ET
HOAUS000H01409746,BUSHLEA PERFECTOR BOLD-ET
HOAUS000H01457890,ECLIPSE EUROSTAR
HOCAN000102327761,LA PRESENTATION SULLIVA-RED-ET
HOCAN000102327643,LA PRESENTATION PEACEAB-RED-ET
HOCAN000008852004,FREUREHAVEN ROEBUCK-ET
HOUSA000136761415,WARRENCREST MONKEY-RED-ET
HOCAN000007383068,BENNER BRONWIN
HOCAN000100769479,LYSTEL BLACKGOLD-ET
HOCAN000100457533,LESPERRON SUPREME-ET
HOCAN000007359429,ALTA CHEVRON-ET
HOCAN000007430961,ALTA CAREFREE-ET
HOCAN000007359212,ALTA AVIATOR-ET
HOCAN000007359296,ALTA AIDEN-ET
HOCAN000007359309,ALTA ADMIN-ET
HOCAN000007359394,ALTA AFFINITY-ET
HOCAN000007359410,ALTA ADRIATIC-ET
HOCAN000007359241,ALTA NITREX-ET
HOCAN000007359364,ALTA NITROFORM-ET
HOCAN000007430984,ALTA NEURONE-ET
HOCAN000007484416,ROCKYMOUNTAIN NIGHTSKY-ET
HOCAN000009501446,STANBRO MICHELIN
HOCAN000009501590,STANTONS POUNDER-TW
HOCAN000007832142,STANTONS ACHIEVER-ET
HOCAN000007832160,STANBRO SIGNATURE-ET
HOCAN000101760461,COMESTAR LABRADOR-ET
HOCAN000008875293,VYECROFT ALTAICEBERG
HOCAN000102915751,CHARPENTIER LAYMAN-ET
HOCAN000102327697,LA PRESENTATION DISPLAY-ET
HOCAN000007383012,BENNER JAYBEE-ET
HOCAN000007533555,ALTA WITNESS-ET
HOCAN000007359310,ALTA SLEUTH
HOCAN000007533523,ALTA AAA-ET
HOCAN000007533534,ALTA TREATY-ET
HOCAN000007533567,ALTA TRYON-ET
HOCAN000007533569,ALTA JEWEL-TW-ET
HOCAN000007533579,ALTA CREED-ET
HOCAN000007533580,ALTA TROPHY-ET
HOCAN000007533600,ALTA TREMOR-ET
HOCAN000007533642,ALTA CARVER-ET
HOCAN000007533636,ALTA ONE-ET
HOCAN000007890271,ALTA GOLDCOIN-ET
HOCAN000007890277,ALTA SWORD-ET
HOCAN000007533675,ALTA SHAKE UP-ET
HOCAN000100385055,CRACKHOLM STEALTH
HOCAN000007359332,ALTA CARMELLO
HOCAN000007533486,ALTA TARMAC-ET
HOCAN000007890274,ALTA SAMUARI-ET
HOCAN000007533509,ALTA COMISH-ET
HOCAN000007533511,ALTA DIVERSITY-ET
HOCAN000007533498,ALTA DIRECT-ET
HOCAN000007533494,ALTA DAKAR-ET
HOCAN000007533549,ALTA CAPRICE-ET
WWNLD000394422860,TALBOT-RED-ET
HOUSA000137039935,ARETHUSA MONTGOMERY-ET
HOUSA000137834240,ARETHUSA MIAMI-ET
HOUSA000136548933,ARETHUSA MANHATTAN-ET
HOCAN000007383011,BENNER JAZAM-ET
HOCAN000101731079,BOFRAN MAGIC-ET
HOCAN000009312099,B-Y-U-I EVIDENT-ET
HOCAN000100748971,COMESTAR LYVEN-ET
HOCAN000101431941,LA PRESENTATION GOSPEL-ET
HOCAN000101760447,COMESTAR LIVERPOOL
HOCAN000007677408,MAPEL WOOD DIAMOND-ET
HOCAN000007587981,GILLETTE ALTACSI-ET
HOUSA000135503517,APRIL-DAY WINERY-RED-ET
HOCAN000102484352,MICHERET HOUSTON-RED-ET
HOCAN000007681144,GLENGARRY MARIONS MANEUVER-TW
HOCAN000007677409,MAPEL WOOD DEVIN-ET
HOCAN000007533558,ALTA DEL-ET
HOCAN000007533561,ALTA DELMAR-ET
HOCAN000007890290,ALTA DION-ET
HOCAN000101530893,DESLACS SPHINX-ET
HOCAN000102545337,CHAMPS DOR REDROSS-RED
HOCAN000007533550,ALTA TRITON
HOCAN000007533623,ALTA MRLUCK-ET
HOCAN000007484361,DEELETT RMH COMMANDER-ET
HOCAN000007533475,ALTA FREEDOM
HOCAN000007533508,ALTA TRANCE
HOCAN000007816482,GILLETTE WARRIOR-ETS
HOCAN000101760606,COMESTAR LITALY-ET
HOCAN000007890285,ALTA AGILE-ET
HOCAN000007832140,STANTONS SATOR-ET
HOCAN000007611374,MORSAN ALTALOCKLYN-ET
HOCAN000007890284,ALTA DEVILLE-ET
HOCAN000007359260,ALTA NORTEL-ET
HOCAN000007359264,ALTA NORTHERN-ET
HOCAN000007359337,ALTA NITTO-ET
HOCAN000007359433,ALTA FINITE-ET
HOCAN000007430974,ALTA NIGHTLINE-ET
HOCAN000007430975,ALTA NIGHTCAP-ET
HOCAN000008744360,MAYBLOSSOM CHANDLER-ET
HOCAN000102618633,DESLACS MENDOZA-ET
WWCHE120112928183,MR AYSHA ASTHON-RED
HOCZE000653682021,ZDISLAVICE O-ALEXMAN
HODEU000579596120,TRAVELLER
HONLD000437563550,DIAMOND TWIN GERIENCE
HONLD000437289942,GIESSEN STRUIK 245
HODEU000349747180,NIERMANNS TI HEL TEXAS
HODNK000000258170,VH Anderstrup Supershot Soulru
HODNK000000251114,DANSIRE MASCOL MASON
HOUSA000068656297,DE-SU CAPRICORN-ET
HODNK000000250087,TH RAMOS ASTRONAUT
HODNK000000251677,OWN TOYSTORY PAUL
HOFRA002941264883,UEZOU
HOFRA002214546100,VAZIMOLO
HOCHE120065814601,MATTENHOF SIRWOOD
HOFRA007627604810,VUMESNIL
HONLD000751487334,PEAK ALTAHELICON
HOFRA002216979121,AUTTLE
HODEU000350264580,ABS SAMUEL RADIATE-ET
HOFRA003704258147,URRAH
HOFRA004952815479,O-MAN END-STORY-ET
HOFRA003704250472,FAIRPLAY
HOFRA002921632841,URTIMATE
HOFRA004240802364,UNCLE
HOCAN000007484367,OVERSIDE-I RMH DILLION-ET
HOGBR000000627769,WOODMARSH TOPSHOT-ET
HOGBR000000630782,KIRKBLYTHE DREAMER-ET
HOITA015520096684,BONETTI MORTY DODICE TV
HONLD000438266085,SOUTHLAND BOSCO
HOITA058990139475,TRIONE ALTAPINO-ET
HOITA017990676913,AQUILA ALTADUKA-ET
HOITA015990047678,SALA SHOTTLE PAROCAS
HOITA019500423669,GO-FARM BAUCIBAU TV
HONLD000425598456,LEKO
HOLUX000199246933,REDMAGIC
HONLD000340267130,DISCOVERY
HONLD000441659399,ALTA PONTIAC-ET
HONLD000925209469,DELTA FUN P-RED
HONLD000443771981,GROENHILDE NACIDO
HONLD000431424910,DELTA LLOYD
HONLD000429390313,ABS DELIVERANCE
HONLD000712321327,WEGGELHORSTER ASHBURTON
HODNK000000255761,VH BEACON BOOTH-ET
HONLD000429390128,SOUTHLAND ALTATRIGGER
HONLD000498938423,DELTA ATLANTIC
HONLD000465477157,DOME'S NAVARRO
HONLD000447098327,JONKER FLOYD
HONLD000446327701,DELTA MAZURKA
WWNLD000530106845,FASNA ASTERIX
WWNLD000876779387,DE RITH TEDBULL-RED
HONLD000418067103,TJEBBINGA HOT SHOT
HONLD000443771842,GROENHILDE SHOUT
HONLD000440865469,DELTA LINDBERG
HONLD000420132800,WILLEMS-HOEVE RUSH
HONLD000383090074,WOUDHOEVE 1042 IMPULS
HOCAN000007789679,KOEPON-I SHOTPUT
HONLD000644948755,DOLS AIRFORCE ONE-RED
HOUSA000139886458,POLLACK-VU JOLLY JASPER-ET
HO840003006778390,NO-FLA RENEW-ET
HO840003004886506,ROSYLANE-LLC ALTAGR8M8
HOUSA000065895428,ROSYLANE-LLC ALTATRIPLEX
HOUSA000063050132,FARNEAR-TBR ALTAARMADA-ET
HO840003006778167,NO-FLA ALTAREMOTE-ET
HOUSA000070881028,DINOMI ALTAJAKARTA
HOUSA000065888792,WEIGELINE BOLV JUMPSTART-ET
HOUSA000069120796,WEIGELINE FREDDIE JEPSEN-ET
HOUSA000063555720,LATUCH ALTALION
HOUSA000063501625,KEYSTONE DEAL
HOUSA000065338079,N-SPRINGHOPE DEASON
HOUSA000062898319,GEORGEFARM TOYSTORY LARRY
HOUSA000134855125,RIDGEDALE MIGHTY NICE-ET
HOUSA000134278865,BVK STORMATIC DUSTIN-ET
HOUSA000135905690,KAMPS-HOLLOW ARUDOLF-RED-ET
HOUSA000062811027,MEDEIROS STRMATIC FRESNO-ET
HOUSA000135418903,ERNEST-ANTHONY TITLEIST-ET
HOUSA000063704881,ENSENADA ARMSTEAD PLAYER-ET
HO840003001638553,RICECREST MAC SIBERIA
HOUSA000064288016,BOSSIDE GOLDENBOY
HO840003003939045,JAMESHILL-R BOLIVE SHIVA-ET
HO840003003939043,JAMESHILL-R BOLIVE SHAKA-ET
HOUSA000066451345,ENSENADA JEEVES PAUL-ET
HOUSA000140056299,FUSTEAD MAC SOTO
HOUSA000069324700,KINGS-EMERLING S FOXON-ET
HOUSA000139231146,RICECREST ALTAROONEY
HOUSA000139231137,RICECREST ALTAROCKY-ET
HOUSA000066360625,CARL-A ALTAWORLDCUP-ET
HOUSA000066532627,BOMAZ ALTASOLAR-ET
HOUSA000066133528,DINOMI ALTATYSON
HOUSA000069093264,BOSSIDE ALTABLAINE-ET
HOUSA000064178070,REGEL BOLIVER NEIL
HOUSA000063685867,PINE-TREE OMAN WRENCH
HOUSA000139663127,FUSTEAD RAMOS SPIKE-ET
HO840003003939049,JAMESHILL-R SEMINOLE
HOUSA000139805488,FUSTEAD JETSTREAM SETH-ET
HOUSA000139800559,FUSTEAD JETSTREAM SHAMOO
HOUSA000065827971,KINGS-EMERLING P FRANNIE-ET
HOUSA000065827991,KING-EMERLING M FAMOUS-ET
HOUSA000140333084,RICECREST MOSTYN-ET
HOUSA000069654695,BERRYRIDGE SUPER IDEA-ET
HOUSA000069654691,BERRYRIDGE SUPER IDOL-ET
HOUSA000068771348,MR GOLDNOAKS MESSIAH-ET
HOUSA000140875137,LEADERWIN DOMAIN MANNY-ET
HOUSA000139815449,MAINSTREAM JAGR
HOUSA000069720028,VIEW-HOME AWARD-ET
HOUSA000071851528,FROSTY-ROCK SETTLE-ET
HOUSA000066676829,KING-EMERLING FUTURE-ET
HOUSA000062295415,ROCK-GAP ALTASUPERJET
HOUSA000069096070,SYNERGY ALTASUPERFLY
HOUSA000066451344,ENSENADA JEEVES POLO-ET
HO840003006005925,TOLLENAARS TIME SOLDIER 974
HOUSA000066977318,KEVREL PLANET MARKEY-ET
HOUSA000069753080,KEVREL PLANET MAGNUT-ET
HOUSA000064989318,CABHI MANDER-ET
HOUSA000068738570,HAR-DALE-ACRES MA BRIGGS-ET
HOUSA000139805376,FUSTEAD JETSTREAM SOTO-ET
HOUSA000066762643,BERRYRIDGE JEEVES JIVES-ET
HOUSA000135654295,GAIGE STORMATIC TART-ET
HOUSA000134350705,EK-OSEEANA ANTICIPATION
HOUSA000061898076,REGANCREST TITAN DELIVER-ET
HOUSA000140803873,MEDEIROS CHAMP PRETTY-ET
HOUSA000060997667,HAPPKE BEST MACKY-ET
HOUSA000062768973,S&E SHOTTLE PIRATE CRI-ET
HOCAN000009501480,STANTONS STATUS-ET
HOUSA000062030774,COLDSPRINGS GARNETT CRI-ET
HOUSA000060881389,MAJESTIC-MANOR JETBLUE-ET
HOUSA000060881431,MAJESTIC-MANOR O BEDROCK-ET
HOUSA000060881433,MAJESTIC-MANOR OM BEACON-ET
HOUSA000061089338,R-PINELAWN STORM OWL CRI-ET
HOUSA000137842393,AMMON FARMS ELGANT TEXAN-ET
HOUSA000133810763,R-PINELAWN FALCON-ET
HOUSA000061321588,MR CHAMPION JACKSON
HOUSA000062817005,TOLLENAARS ALTAQUALITY
HOUSA000138102117,AMMON FARMS ALTALARGO
HOUSA000134469625,R-PINELAWN EAGLE-ET
HOUSA000061757519,WELCOME RADON-ET
HOUSA000135676929,LIDDLEHOLME PONCHO-RED-ET
HOUSA000135998623,MEYERVILLA TSUNAMI-RED-ET
HOUSA000134413491,BURKET-FALLS POLL ANSWER-ET
HOUSA000135799439,SANDY-VALLEY SHANNON-ET
HOUSA000140803855,MEDEIROS BUCKEYE FRANCE-ET
HOUSA000134500463,RICECREST MADDOX-ET
HOUSA000134743341,O-BEE BRIDGE-ET
HOUSA000061133858,GOLDEN-OAKS VINCENTE-RED-ET
HOUSA000052357086,RALMA CHAMPION FRESCO-ET
HOUSA000052357082,RALMA FARLEY-ET
HOUSA000063583396,RUANN NUGGET-64813-ET
HOUSA000134768180,SANDY-VALLEY BENWOOD-ET
HOUSA000062188536,SANDY-VALLEY TUNDERBOLT-ET
HOCAN000007832131,STANTONS BUCK-ET
HOUSA000135158128,IMPERIAL-RIDGE SM DANIAL-ET
HOUSA000135989346,SANDY-VALLEY HERLER-ET
HOUSA000135773363,OCEAN-VIEW BEST ZENAS-ET
HOUSA000052461847,ORBE-VIEW S STORM HEDLEY-ET
HONLD000418232477,A L H DUKE-ET
HOUSA000138124542,NORMANNA BUCKEYE SUBLIME
HOUSA000138466017,RIDGEDALE MAJORLEAGE-ET
HO840003000963499,JENESIS-B TOYSTORY KYLE-ET
HOUSA000062209000,MD-MAPLE-DELL BOLT SERGE-ET
HOUSA000063685754,PINE-TREE BOLIVER WAYNE
HOUSA000137964491,BALMORAL ALTAACCOUNT-ET
HO840003001700073,JENESIS-B BOLTON KIRK-ET
HOUSA000061579926,PINE-LEDGE O-BOY-ET
HOUSA000136116233,POLLACK-VU LACROSSE-TW
HOUSA000137008858,CA-LILL DASHING-ET
HOUSA000138080989,NORMANNA SUNSET-ET
HOUSA000063123660,MR DURCHAN DESTIN-ET
HOUSA000063560530,AIR-OSA PS QUALIFY-ET
HOUSA000062226803,KAM-JA BOLTON 5298
HOUSA000065721181,MR LEANN ADV LEO
HOUSA000135999398,EMERALD-ACR-SA T-BRIGADE-ET
HOUSA000052760801,ORBE-VIEW S STRM HVEZDA-ET
HOUSA000137009185,CA-LILL POTTER DODGE-ET
HOUSA000052357928,RALMA O-MAN CF CRICKET-ET
HOUSA000138124515,NORMANNA ELEGANT SUBPOP-ET
HOUSA000061720218,KHW ELM-PARK ACME-ET
HOUSA000061829625,THREE-KNOLL BULLSEYE-ET
HOUSA000135755633,PLUSHANSKI FANTAST-ET
HOUSA000062922641,ECHO-MOON AIRRAID DREAM
HOUSA000061376366,WELCOME OMAN PALMER CRI-ET
HOUSA000135548958,SANDY-VALLEY BOSS-ET
HOUSA000134982355,SANDY-VALLEY DAY DREAMER-ET
HOUSA000062273516,UECKER MARION JODY
HOUSA000055603703,OLMAR PLANET BONO-ET
HOUSA000063285306,BERKSONS TOY MONTANA CRI-ET
HOUSA000135981544,JEFFREY-WAY TRUMPER-ET
HOUSA000135939408,WINDSOR-MANOR MAXIMO
HOUSA000135721991,WINDSOR-MANOR MERIT-ET
HOUSA000062663966,SIEMERS MASCOL DAVE 9682-ET
HOUSA000071618872,SEAGULL-BAY DELIRIUM-ET
HOUSA000063685770,PINE-TREE ALTAKRISPY
HOUSA000066908530,BERGEN ALTAIBULL
HOUSA000062496697,REGANCREST SHOTTLE IRWIN-ET
HOUSA000070802370,PENN-ENGLAND SCOOTCH-ET
HOUSA000072127197,PENN-ENGLAND STANTON-ET
HOUSA000062785122,WOODVALE ELERO-ET
HOUSA000062785124,WOODVALE ELDWIN-ET
HOUSA000062785120,WOODVALE EARNEST-ET
HOUSA000061898307,REGANCREST OMAN INFINITE-ET
HOUSA000061204820,SPRUCE-EDEN CANAAN
HOUSA000135172023,KRONHILL MAETRIX
HOUSA000061765138,CLEAR-ECHO BEST TECH-ET
HOUSA000061681229,DE-SU OMAN GOLI-ET
HOUSA000135799037,SANDY-VALLEY ATTACK-ET
HOHUN003287001250,ALCSI LUCKY BOY-ET
HOUSA000135363258,DARLAWN SPIRIT
HOUSA000135871119,LACLAR ARICK-ET
HOUSA000061143517,KLASSIC LABRON-ET
HOUSA000061701303,KEVREL MORTY MODESTO
HOUSA000063645005,MEADO-BROOK JS MCKINLEY-ET
HOUSA000063644992,MEADO-BROOK JS CHURCHILL-ET
HOUSA000063644995,MEADO-BROOK JS HUBBARD-ET
HOUSA000063645004,MEADO-BROOK JS BEAR-ET
HOUSA000136170417,O-BEE BARKLY
HOUSA000062711203,LATUCH ELEGANT TORO-ET
HOUSA000061376287,CO-OP RAMOS MELVIN
HOUSA000061077066,MR STORMATIC DAVONTA-ET
HOUSA000063813212,CANON JET STREAM GUNTHER
HOUSA000060700493,HENKESEEN HELPER
HOUSA000135834972,LOCKER-LANE BRANSON-ET
HOUSA000066959378,CACHE-VALLEY AD DEZI-ET
HOUSA000062030835,BOOTSMA SOSA VERDIGO CRI-ET
HOUSA000061790431,SEWARDS-FOLLY TIGER-ET
HOUSA000134605702,SPRUCE-VIEW MORTY FORMAN
HOUSA000061790446,SEWARDS-FOLLY GERONIMO-ET
HOUSA000061691892,FOREST-LAWN TALENT PRIZE-ET
HOUSA000135553183,MARKWELL MORTY REGENCY-ET
HOUSA000135635461,ALL-RIEHL PATTIN-ET
HOUSA000062487796,FOREST-LAWN PRINCE-ET
HOCAN000007484448,GREENLEA-I ROCKY-RED-ET
HOUSA000062252901,SWEET-PEAS FUSION-RED-ET
HOUSA000061720237,HAVENCREST KOJAK-RED-ET
HOUSA000063537282,SWEET-PEAS FOKKER-RED-ET
HOUSA000136684235,CAR-MUL-CREEK HELIX-RED-ET
HOUSA000061835784,HAPPKE OMAN MAGIC-ET
HOUSA000135161566,MR MONACO-ET
HOUSA000062934007,GREEN-MEADOW KEGAN 13398-ET
HOUSA000062816993,TOLLENAARS ALTATUFENUF-ET
HOUSA000064557658,HOL-STAR BAXTER TORRENT-ET
HO840003006030026,ARIWAMI NEPTUNE-ET
HOUSA000064529556,LORAWAE SHOTTLE SHOUT
HOUSA000135503441,BRANDT-VIEW SOLDIER-ET
HOUSA000136542553,BREMER LAUDAN ROCKET-ET
HOUSA000136814234,BREMER MR SAM RAZZLE-ET
HOUSA000136814252,BREMER SHOWERS-ET
HOUSA000064577610,LEAS DUNDEE LONNIE
HOUSA000062968891,WINDY-KNOLL-VIEW PLAID-ET
HOUSA000134017828,ZIEMS STORMATIC IIGWAM
HOUSA000061077124,PALMEREGAN TRACE-ET
HOUSA000068574430,HOLLANDYA RED SOX-RED-ET
HOUSA000053451987,RALMA MAC GRANITE-ET
HOUSA000140296893,ANY-DAY JEEVES PRICELINE
HOUSA000068574425,HOLLANDYA CHARGER-RED-ET
HOUSA000137754731,ROSEDALE TOUCHDOWN-RED
HOUSA000063938521,KIRBYVILLE MALUEY-ET
HOUSA000065671567,MR PENCE-ET
HONLD000433561699,SAMSON-ET
HOUSA000068775936,COOK-FARM GOLDWYN FAN-ET
HOUSA000064775396,COOK-FARM BOLTON FYI
HOUSA000064356645,BBMM TOYSTORY LEXUS-ET
HOUSA000064356644,BBMM TOYSTORY LUXOR-ET
HOUSA000136946937,PREMIER-S SS TRIX-RED-ET
HOUSA000138817420,HUNSBERGER MAC FITZGERALD
HOUSA000065439080,WEBB-VUE BAXTER LUCIANO-TW
HOUSA000069468833,RMW DORCY AMBROSE-ET
HOUSA000069468812,RWM PEMBROKE ALPS-ET
HOUSA000056541503,GIL-GAR DOMAIN WEB-ET
HOUSA000056295599,GIL-GAR ALTATYRONE
HOUSA000066870178,WEBB-VUE JEEVES&WOOSTER-ET
HOUSA000062744597,REGANCREST MAC IRENDON-ET
HOUSA000064178065,REGEL NAIROBI
HOUSA000066985592,RMW ANTWAN-ET
HO840003007815953,VER-HAGES VV NICODEMUS-ET
HOUSA000069822409,WELCOME TRIG GRAHAM-ET
HOUSA000069080966,HUNSBERGER DOUGLAS-ET
HOUSA000069056737,RMW ATLANTIS-ET
HOUSA000066401838,CURR-VALE DESTINED-ET
HOUSA000066985571,UNICORN MILLION ABERLIN-ET
HOUSA000066870250,WEBB-VUE BOGART DREW-ET
HOUSA000139808575,GIL-GAR SHOTL MADOFF-ET
HOUSA000056496692,GIL-GAR DOMAIN WENDL-ET
HOUSA000140878943,GNAT-HILL MICKEY-ET
HOUSA000069468811,RMW PEMBROKE APPLY-ET
HOUSA000069056729,RMW ARMITAGE
HOUSA000062385508,SEWARDS-FOLLY DEFENDER-ET
HOUSA000136297387,SILDAHL BREMER MAGNUM
HOUSA000135880366,ROKEYROAD TITANIC RAMBO
HOUSA000062385526,SEWARDS-FOLLY AGENT-ET
HOUSA000135297562,SANDY-VALLEY THOMASO
HOUSA000063395162,HAPSTEIN TOYSTO NITSCHKE-ET
HOUSA000062909487,AIR-OSA STORMATIC REWARD
HOUSA000140804016,MEDEIROS TALENT FLEET
HOUSA000062855743,HAPSTEIN SS STARR-ET
HOUSA000063719854,LE-O-LA TAVON-ET
HOUSA000061757554,WELCOME GRATTIE-ET
HOUSA000063285267,CO-OP MANAGER PRACTICAL-ET
HOUSA000136192057,LADYS-MANOR OMEN-ET
HOUSA000063657337,CARL-A RAMOS EARL-ET
HOUSA000138486691,JUNGE MASCOL EDGE-ET
HOUSA000138486703,JUNGE MASCOL ELMO-ET
HOUSA000062769066,A-ELSBERND TOLEDO CRI-ET
HOUSA000137688102,A-ELSBERND MASCOL MARKUS-ET
HOUSA000063285259,A-ELSBERND BUCK TACO CRI-ET
HOUSA000138004857,A-ELSBERND BK-I BOYEROLD-ET
HOUSA000063026162,TRUE-BLUE ELWOOD-ET
HOUSA000063026159,TRUE-BLUE ELIXIR-ET
HOUSA000064509309,OAKLEIGH ALTAHOKA-RED-ET
HOUSA000136830908,LAKE-EFFECT ALTACOLTON-ET
HOUSA000136978529,LAKE-EFFECT COOPER-ET
HOUSA000136830917,LAKE-EFFECT PS CAMMO-ET
HOUSA000060181756,TOLLENAARS MEASURE 41-ET
HOUSA000060181758,TOLLENAARS MEMOIRS 43-ET
HOUSA000061929330,TOLLENAARS POTTER MILLER314
HOUSA000060181755,TOLLENAARS MASON 40-ET
HOUSA000061929290,TOLLENAARS MERIT274-ET
HOUSA000063022654,KEVREL OMAN MEMPHIS
HOUSA000065439898,SPRINGHILL-OH C CROW-ET
HOUSA000062866117,MR TIGER-LILY ALTACASINO
HOUSA000063031801,ROYOLA ALTAJETPACK-ET
HOUSA000138581097,HEN-LO BELLAMY-ET
HOUSA000062617777,ANGELROSE TARO-ET
HOUSA000064541701,CO-OP JETSTREAM KARIM-ET
HOUSA000064541615,LE-RO-DA TSTRY ROSS CRI-ET
HOUSA000138276539,LE-RO-DA TOYSTORY RANDAL-ET
HOUSA000063192398,PLUSHANSKI BOLTON FARBOLT
HOUSA000137262599,BRANDT-VIEW MARCELLUS-ET
HOUSA000062067747,RI-VAL-RE MALTO-ET
HOUSA000071764609,AURORA ROCKETMAN
HOUSA000058903919,MELARRY SUPERSIRE MATCH-ET
HOUSA000142142547,HICKORYMEA PARK TREY-PP-ET
HOUSA000066527722,LE-O-LA TAO
HOUSA000070712284,SYRYCZUK ALTATAYZER-ET
HOUSA000070712294,SYRYCZUK O-STYLE TICO-ET
HOUSA000055967108,CREEK ALTAMCQUEEN
HOUSA000070136022,BROEKS BELIEVE-ET
HOUSA000071813244,DE-SU OGIMA 11658-ET
HOUSA000055969443,CREEK ALTAKID-RED-ET
HOUSA000070197846,BRANDT-VIEW ALTAPROSTYLE
HOUSA000070346572,SPRUCE-HAVEN ALTAFASTNET
HOUSA000071074487,BOMAZ ALTAPARDON-ET
HOUSA000070694555,ROSYLANE-LLC ALTASENATE
HOUSA000071630765,SPRUCE-HAVEN BARRY-ET
HOUSA000071864240,SYNERGY PRIME-ET
HOUSA000072231512,BEN-AKERS LUMAS-ET
HOUSA000072851593,DE-SU JUMPY-ET
HO840003013001477,CO-OP BELUGA TANTOR-ET
HO840003013001490,CO-OP JABIR TRANSFORMER-ET
HOUSA000055969441,CREEK CO-P KODAK-P-ET
HOUSA000071864244,SYNERGY ALTAPARQUET-ET
HOUSA000071864267,SYNERGY ALTASYMPHONY-ET
HOUSA000056650817,REGELCREEK SS MAGNUM-ET
HOUSA000071864193,SYNERGY PULASKI-ET
HOUSA000071630839,SPRUCE-HAVEN EPIC BUGSY-ET
HOUSA000071630846,SPRUCE-HAVEN BROCKWAY-ET
HOUSA000071451905,CO-OP MINTMAKER TROOPER-ET
HOUSA000071451906,CO-OP MINTMAKER TRIVIA-ET
HO840003011816244,CO-OP TOP NOTCH-ET
HOUSA000071451893,CO-OP MINTMAKER TALISMAN-ET
HOUSA000070579604,WEIGELINE ALTASALUT-ET
HOUSA000072531549,ZAHBULS AVIATOR-ET
HOUSA000073345053,OKDS YOWZA MOROCCO-ET
HOUSA000070625905,DE-SU ALTASHELBY-ET
HOUSA000069529159,REGEL ALTATOPROCK
HOUSA000072110090,NEWELL 3039 KING-P-ET
HOUSA000072596773,MR FARNEAR IMPULSE-P-ET
HOUSA000071588443,BOMAZ ALTACAZADOR-ET
HOUSA000071588454,BOMAZ ALTABIGGAME-ET
HOUSA000071074514,BOMAZ ARM PIZZAZZ 1383-ET
HOUSA000071942845,GUIDED-PATH SS ABBOTT
HOUSA000071074520,BOMAZ ALTAARMANI-ET
HO840003011816338,CO-OP AVENGER-ET
HOUSA000072731048,SPRUCE-HAVEN SHERIDAN-ET
HOUSA000071286351,HAR-DALE-ACRES-JP ALTACR-ET
HOUSA000071667900,MATT-DARI MOGUL FLYNN-ET
HOUSA000070662873,LANGS-TWIN-B SANTERI-ET
HOUSA000070662908,LANGS-TWIN-B PRIOR 4995-ET
HO840003011001491,FUSTEAD SSI SS SOLO-ET
HOUSA000073590480,CO-OP AARDEMA GOBI-ET
HOUSA000071922147,CO-OP UPD SS SAMPSON-ET
HOUSA000071451885,CO-OP MOGUL STAMINA CRI-ET
HOUSA000071630720,SPRUCE-HAVEN ALTAAIRLOCK-ET
HOUSA000071630795,SPRUCE-HAVEN SONNY-ET
HOUSA000072606786,NASH-ACRES ALTAPAYDAY-ET
HOGBR915250411682,GLAMOUR CARLO-ET
HOUSA000142624764,LEXVOLD FINGERPRINT-ET
HOUSA000072615043,BOMAZ ALTASEGER-ET
HOUSA000072596675,FARNEAR-EDG B-BOB WALLY-ET
HOUSA000069832046,KLASSIC ALTAODEON-ET
HOUSA000072128171,EDG TENACITY-ET
HODEU000356333290,WEH MCCUTCH 3290-ET
HO840003011816309,LISMORE TRAVLIN MAN CRI-ET
HOUSA000072064167,PINE-TREE SENATOR
HOUSA000070359867,JC-KOW ALTAJONAGOLD-ET
HOUSA000072695291,PRIDE OAK TUX 218-ET
HOUSA000073284048,BEN-AKERS MAURICE LUMRIC
HOUSA000072695295,PRIDE OAK TUT 222-ET
HO840003014259028,T-GEN-AC OUTSTANDING-ET
HO840003131058470,HOLLERMANN SILVER ROMERO-ET
HOUSA000074228136,ZIMMERVIEW HOTSHOT ESCAPADE
HO840003010363815,EDG MEGA-ARCH 60068-ET
HO840003133887811,MR STONE-FRONT AUTOMATIC
HO840003136555664,CO-OP UPD SS TREVINO-ET
HOUSA000138591768,WA-DEL ALTAMASTER
HOUSA000064821562,KINGS-RANSOM REGIS-ET
HOUSA000064821572,KINGS-RANSOM B RAEF-ET
HOUSA000064963432,HARDIE-FARMS JESTER
HOUSA000066250164,CROIX-LINE ALTAMICH-ET
HOUSA000066250162,CROIX-LINE RAMOS TYLER-ET
HOUSA000066636868,CROIX-LINE CORY LEONARD-ET
HOUSA000068858008,MAJESTIC-MANOR BWSR BETA-ET
HOUSA000138574673,WEEPING-HOLLOW DANTE-ET
HOUSA000138574682,WEEPING-HOLLOW SVB PIXAR-ET
HOUSA000065496394,SYNERGY TEMPO-ET
HOUSA000064633850,CLEAR-ECHO RAMOS HEWLETT-ET
HOUSA000138631448,HORSTYLE ZEEK-ET
HOUSA000138819440,O-BEE LIGHTNING BOLTON
HOUSA000138216742,GIL-GAR G-WYN SACH-ET
HOUSA000137593552,AMMON FARMS SHOTTLE TULSA
HOUSA000064665579,AMMON FARMS SADLER-ET
HOUSA000066111409,COOL-LAWN BIGMAC 772-ET
HOUSA000066521490,VATLAND MARTINI-ET
HOUSA000140440573,O-BEE AUSTIN
HOUSA000064633846,CLEAR-ECHO ALTALZRJET-ET
HOUSA000064499632,ROSYLANE-LLC ALTAGREATONE
HOUSA000064499605,ROSYLANE-LLC ALTANEXTONE
HOUSA000063279505,DYECREST ALTASUMAC-TW
HOUSA000064499631,ROSYLANE-LLC ALTABIGMAN
HOUSA000064499645,ROSYLANE-LLC ALTAREVISOR
HOUSA000065496423,SYNERGY ALTAMRFIT
HOUSA000065895482,ROSYLANE-LLC ALTASTANDARD
HOUSA000065895444,ROSYLANE-LLC ALTAROSTER
HO840003004886529,ROSYLANE-LLC ALTAEZER
HO840003004886528,ROSYLANE-LLC ALTASAGE-TW
HOUSA000066858645,EXELS ALTACHANCE
HOUSA000066532645,BOMAZ ALTAENRICHED
HOUSA000066256320,VATLAND ALTAMARINER-ET
HO840003004886565,ROSYLANE-LLC ALTAMORDOMO
HO840003009524865,NO-FLA ALTAROTHMAN-ET
HOUSA000139378168,A-ELSBERND BOLIVER BREEZE
HO840003005567664,HURTGENLEA SOMAR-ET
HOUSA000068519135,DYECREST AL SIZZLE-ET
HOUSA000140865288,A-ELSBERND BOWSER ASHTON-ET
HOUSA000064365762,ENYART TOYSTORY IVAN-ET
HOUSA000064365767,ENYART TOYSTORY IVANTAGE-ET
HOUSA000064665574,AMMON FARMS SWOOP-ET
HOUSA000064665573,AMMON FARMS SWIVEL-ET
HOUSA000063639641,BERRYRIDGE ZENITH ISAAC
HOUSA000139133550,ROSEDAE BROGAN
HOUSA000064633849,CLEAR-ECHO RAMOS PACKARD-ET
HOUSA000066887774,ENYART SOCRATES I SUESS-ET
HOUSA000066887771,ENYART SOCRATE I SCHULTZ-ET
HOUSA000066618952,AMMON FARMS SHALIMAR-ET
HOUSA000140313521,A-ELSBERND BECKER-ET
HOUSA000140313530,A-ELSBERND PLANET PEACE-ET
HOUSA000066879943,TWIN-B-DAIRY BUCKWHEAT-ET
HOUSA000066521489,VATLAND MAUSER-ET
HOUSA000062848211,PINE-TREE ALTABLACKWEL
HOUSA000064499585,ROSYLANE-LLC ALTASTEPONE
HOUSA000064499580,ROSYLANE-LLC ALTAROLLIN
HOUSA000070694548,ROSYLANE-LLC ALTANETBOOK
HOUSA000065283038,VATLAND MATRIX
HOUSA000138680170,A-ELSBERND MAC ARTHUR-ET
HOUSA000065621537,PENN-ENGLAND LIESL 628A
HOUSA000065507008,ROHAVEN GOLDWYN DELIBERATE
HOUSA000068767108,COOL-LAWN JEDIDIAH CRI-ET
HOUSA000138680189,A-ELSBERND MAC DOUGLAS-ET
HOUSA000066631918,POTTERS-FIELD PAVETHEWAY-TW
HOUSA000063748296,ZIMMERVIEW MAC WADE-ET
HOUSA000063748284,ZIMMERVIEW MAC ADLER-ET
HOUSA000063748286,ZIMMERVIEW MAC CUTLER-ET
HOUSA000138246592,WINDSOR-MANOR MR MARYLAND
HOUSA000063811814,MS M-PONDHILL BUCKEYE PILOT
HOUSA000064633891,CLEAR-ECHO J-STREAM REK-ET
HOUSA000138536332,O-BEE KEENAN
HOUSA000139571507,ROSSDALE RAMOS RIPCORD-ET
HOUSA000139414947,O-BEE KOLE-ET
HOUSA000139414974,O-BEE KALEB-ET
HOUSA000139594474,O-BEE KOMET-ET
HOUSA000140342099,O-BEE KELLOG-ET
HOUSA000140342080,O-BEE KENNEDY-ET
HOUSA000068771337,GOLD-N-OAKS AL STEVO 308-ET
HOUSA000064633864,CLEAR-ECHO ALTABOOSTER-ET
HOUSA000064519089,WELCOME ALTAMCGILL-ET
HOUSA000066087072,NO-FLA ALTAEPILOGUE-ET
HOUSA000064519051,WELCOME GRANDEUR-ET
HOUSA000064633893,CLEAR-ECHO REBEL-ET
HOUSA000139657384,ROSSDALE RAMOS RICHIE-ET
HOUSA000066024100,PINE-TREE OMAN AZUCAR-ET
HOUSA000066024097,PINE-TREE STAMOS-ET
HOUSA000140544192,O-BEE KARIK-ET
HOUSA000069169752,PINE-TREE FREDDI SUCCESS-ET
HOUSA000140678842,O-BEE KANSO-ET
HOUSA000140464272,O-BEE KURTZ-ET
HOUSA000064990011,LATUCH ALTATRINITY-ET
HOUSA000066024104,PINE-TREE STOWE-ET
HOUSA000137221974,WHITMAN LAUDAN ARIES-ET
HOUSA000137221965,WHITMAN ACAPPELLA-ET
HOUSA000137233580,WHITMAN ADOBE-ET
HOUSA000137221983,WHITMAN MAGICAL AMAZING-ET
HOUSA000135962420,WHITMAN O MAN AWESOME ANDY
HOUSA000065496387,SYNERGY ALTATITUS
HOUSA000136338406,SELLCREST MIDNIGHT-RED-ET
HOUSA000064633845,CLEAR-ECHO ALTADEMODA
HOUSA000063210219,KINGS-RANSOM DURWOOD
HOUSA000072190622,PLAIN-KNOLL DAD WARBUCKS-ET
HOUSA000068725759,HENDEL BRIDGE-ET
HOUSA000064821565,KINGS-RANSOM ALTADAPPER
HOUSA000069324695,KINGS-RANSOM S SHARPING
HOUSA000071640108,L-L-M-DAIRY MOGUL PING-ET
HOUSA000065827968,KINGS-RANSOM ALTASARGE
HOUSA000070202458,L-L-M-DAIRY ALTAPONDER-ET
HOUSA000139579934,SUGAR-BREEZE NASH
HOUSA000064881209,TRUE-BLUE EDEN-ET
HOUSA000066857899,TRUE-BLUE TRIXTER-ET
HOUSA000066857898,TRUE-BLUE TSUNAMI-ET
HOUSA000071640117,L-L-M-DAIRY PYRO-ET
HOUSA000070202463,L-L-M-DAIRY SHMRK PANAMA-ET
HOUSA000068656260,DE-SU ALTABIO-ET
HOUSA000068656274,DE-SU ALTAROGERS-ET
HOUSA000070648219,ATH-MOR PALERMO ORRIN-ET
HOUSA000068656271,DE-SU PARAGON-ET
HOUSA000137863110,M-RIVERVIEW DARREN-RED-ET
HOUSA000071703378,BACON-HILL MAGUIRE-ET
HOUSA000071703415,BACON-HILL UNO MONEL-ET
HOUSA000070625834,DE-SU 11082 OPTIMUS-ET
HOUSA000070625837,DE-SU 11085 ORLANDO-ET
HOUSA000071703411,BACON-HILL UNO MOORE-ET
HO840003011639742,BACON-HILL MILLS-ET
HOUSA000070392361,ROCHER ARMITAGE DOZER P
HOUSA000070432608,DA-SO-BURN ALTABURLOAK-ET
HO840003013495086,MR DOORMAN MILNER-ET
HOUSA000070726926,UECKER SSIRE JOCLASSIC-ET
HOUSA000070726929,UECKER SUPERSIRE JOSUPER-ET
HO840003013841926,CO-OP MUSCLES-ET
HO840003011129958,SIEMERS MCCUTCH KIAN-ET
HOUSA000072395528,MELARRY ALTAMATT-ET
HO840003012171355,DOUBLE-EAGLE RANSM KOBRA-ET
HOUSA000071441877,ZAHBULLS MCCUTCHEN GIL-ET
HO840003013129331,LADYS-MANOR L-BRN AMMON-ET
HO840003015031074,LADYS-MANOR SHKPR AMRIAN-ET
HOUSA000071441876,ZAHBULLS GOTCHA-ET
HO840003013129412,LADYS-MANOR JCK AMBIANCE-ET
HOUSA000071441918,ZAHBULLS ALTA1STCLASS-ET
HO840003013129330,LADYS-MANOR L-BRN AMRYN-ET
HOUSA000064990014,LATUCH ALTAPRESS
HOUSA000064523958,SPRINGHILL-OH J MOUNTAINEER
HOUSA000138545459,JENNITON BOLTON RAY-ET
HOUSA000139164516,JENNITON J STREAM BONGO-ET
HOUSA000139373770,JENNITON BOLIVER RYCE-ET
HOUSA000066576916,SPRINGHILL-OH IRON J ZIP-ET
HOUSA000066576930,SPRINGHILL-OH IRON HUSKY-ET
HOUSA000138483951,JENNITON ZOWIE-ET
HOUSA000138483924,JENNITON DECATUR-ET
HO840003004373212,GLENELLEN GW ROADTRIP
HOUSA000066576943,SPRINGHILL-OH IRON J PIRATE
HOUSA000138425951,JENNITON BOLTON ROSS-ET
HOUSA000070895112,WEIGELINE SHMK VEGAS CRI-ET
HO840003011538241,BEN-AKERS SSI LASERTAG-ET
HOUSA000055636078,GLEN-D-HAVEN ALTARAZ
HOUSA000070541562,CO-OP LEWIS GENOA
HOUSA000072115379,CO-OP GUINNESS-ET
HOUSA000064410465,SYNERGY ALTAROMO
HOUSA000066406383,SHEEKNOLL ALTAVITTEK
HOUSA000061192041,SPRINGHILL-OH C MISSOULA-ET
HOUSA000062106894,PRIDE TRUMPET-ET
HOUSA000135492293,GEORGEFARM FLANCE LYNDON-ET
HOUSA000136623634,WA-DEL CONNER-ET
HOUSA000061869635,SPRINGHILL-OH CONVICTION-ET
HOUSA000062816965,TOLLENAARS MASCOL MARTIN-ET
HOUSA000064394140,TOLLENAARS ALTATABASCO-ET
HOUSA000064394145,TOLLENAARS ALTATOLSTOY-ET
HOUSA000135655027,JOHANSSON O-F STATUS-ET
HOUSA000064394133,TOLLENAARS TAYTON-ET
HOUSA000064394137,TOLLENAARS TAYLOR-ET
HOUSA000064394248,TOLLENAARS MASCOL TEA718-ET
HOUSA000064394246,TOLLENAARS RAMOS TRIB716-ET
HOUSA000063592094,FOREST-LAWN PLATTE-P-RED-ET
HOUSA000063592099,FOREST-LAWN PATRIARK-RED-ET
HOUSA000071451851,WEIGELINE UNO DEPUTY CRI-ET
HO840003125521755,LADYS-MANOR HAL AMBUSH-ET
HO840003015031111,LADYS-MANOR ADVICE-ET
HOUSA000064665572,AMMON FARMS BENTON-ET
HOUSA000062336817,GOLD-N-OAKS S SHOWBOY-ET
HOUSA000064665571,AMMON FARMS BENSON-ET
HOUSA000064665599,AMMON FARMS ALTABRYCE-ET
HOUSA000137980866,LET-IT-RIDE JS NEVADA-ET
HOUSA000138103350,AMMON FARMS BECKETT-ET
HOUSA000064665570,AMMON FARMS BLAIRE-ET
HOUSA000064167441,FLY-HIGHER TOMORROW-ET
HOUSA000062038303,FLY-HIGHER TABASCO-ET
HOUSA000063373552,FLY-HIGHER TARRANT-ET
HOUSA000063373547,FLY-HIGHER TORGER-ET
HOUSA000063373556,FLY-HIGHER THURSDAY-ET
HOUSA000137916256,RICECREST ALTAEUROPA
HOUSA000061929310,TOLLENAARS OMAN MAX 294-ET
HOUSA000062385390,CLEAR-ECHO BOLIVER DINE-ET
HOUSA000052464205,SCHILLVIEW THRONE GENE-ET
HOUSA000061929307,TOLLENAARS OMAN MIKE 291-ET
HOUSA000138417684,RICHMOND-FD RAMIREZ-ET
HOUSA000064431362,RICHMOND-FD ROMULUS-ET
HOUSA000064394176,TOLLENAARS ALTAMODESTO-TW
HOUSA000138470803,HOEK-TEX COMRADE-ET
HOUSA000064394177,TOLLENAARS MALAWI-TW
HOUSA000064431359,RICHMOND-FD MARLY-ET
HOCAN000009501560,STANTONS SCHOOL-ET
HOUSA000061225309,CLEAR-ECHO M-MAN DREAMY-ET
HOUSA000138971117,SAINTVILLE ANDY-RED
HO840003124836623,HILLTOP-LLC GOLD DREAM 6683
HOUSA000143038719,DALOR-RAVAN THUNDERSTRK-RED
HOUSA000137528008,EXODUS BLOODTYPER
HOUSA000073963507,AARDEMA BLITZ-ET
HO840003013614228,QUIET-BROOK-D BABYBOOMER-ET
HO840003125202047,WOODCREST KBOY SPOTLIGHT-ET
HO840003012130535,WOODCREST RELSEAL BADGER-ET
HO840003011585666,RAN-ROSE MCUTCHEN MR SPERMY
HOAUS000H01647328,JARRAMAH WALKER-ET
HOUSA000136954213,CASTLEHOLM CHAMPION BARB-ET
HOUSA000135558638,FROZENES ADVENT MERL-RED-ET
HOUSA000052887117,SUNNYLODGE GOLDWYN LOWIE-ET
HOUSA000063364560,MRROCKLEDGE ELM PARK RY-ET
HOUSA000141892300,STARDELL KILDARE-TW
HO840003123835128,JOLIAM G W ATWOOD 9639-ET
WWDEU000354587069,Mad Max
HODNK000000255750,VH Mason Miguel
HOIRL151166950644,CARRACOUSH TISABRI
HOFRA005237442186,A
HONLD000388965513,FLEVO GENETICS SNOWMAN-ET
HOUSA000065888793,WEIGELINE ALTAJUMP-ET
HOUSA000070713803,CO-OP UPD LEWIS GAINES
HOUSA000140210408,POLLACK-VU JOLLY1 JARGON-ET
HO840003004886554,ROSYLANE-LLC ALTASTAMINA
HOUSA000064010342,WHITTAIL-VALLEY SANTOS-ET
HOUSA000138953290,HOESLY DUNDEE PALMER-TW
HOUSA000063432849,S-FINE BUCKEYE 2537 LARRY
HOUSA000064260480,BADGER MR SAM 2640-EM 9608
HOUSA000060013061,ROEHL-ACRES LOYAL LYNX
HO840003125999913,FOUR-OF-A-KIND STARS HERO
HOUSA000140725786,MR MILLIONS OF DOLLARS
HOUSA000070976807,PRIDE GUTHRIE THEATER 199
HOUSA000069221163,NOBLAND APPLE FERDINAND-RED
HOUSA000120958290,AR-LINE GOLDWYN VICTOR-ET
HOUSA000142393822,HARDWOOD ACME BRUNO
HOUSA000139805385,FUSTEAD JETSTREAM SNACK-ET
HOUSA000062911614,SELZ-PRALLE BOLTN 4272-3-ET
HO840003130321364,WERFFS ATWOOD TUCKER
HOUSA000065985031,TRI-LEVEL SHTL BOULDER 1286
HOUSA000139159309,EMERALD-ACR-VR D-SIMON
HOUSA000066677257,MR EMERLING SUPER FONZO-ET
HOUSA000063147133,ABOVE-PAR MARION SARGE
HOUSA000136215763,RUPP-VUE STORMATIC LANE
HOUSA000140025970,OVER-VIEW MARION VENUS VLAD
HOUSA000137728079,NOVA ADVENT LASER-RED-ET
HOUSA000138145985,HOOSKIP DONE DEAL
HOUSA000139027811,KEM-GEMS STORMATIC TOMAS
HOUSA000140225307,ACE-N-SPADES MARION DEMON
HOUSA000140564217,NOVA MR SAM BISON
HOUSA000138167619,NOBLAND GOLDWYN WARREN-ET
HOUSA000137707533,COW-PALACE ADRENALIN FIERCE
HOUSA000065512343,SUNNYSIDE MACK SANCHEZ-ET
HOUSA000063142247,BADGER FINLEY BORAT-ET
HOUSA000135980600,PINEHURST JANUARY STORM
HOUSA000136202651,RAN-ROSE OMAN SULTAN
HOUSA000137225932,BUTTERCUP-A MICKDUNDEE 66
HOUSA000141486187,ROCK-N-HILL HVEZDA
HOUSA000134800303,STREBELS PAULA MACHOMAN
HOUSA000140346329,DANWOOD GRACE ZEBO TOYSTORY
HOUSA000063196355,WARGO-ACRES MAESHA-ET
HOUSA000134266932,INDIES-VIEW THRONE LIFTOFF
HOUSA000141272272,JO-PA-CHA INDIANA HECTOR
HOUSA000062499412,BRICHRIS FI-FRITZ RANDY F20
HOUSA000060881396,MAJESTIC-MANOR JETBLACK-ET
HOUSA000134280583,OKATO STATIC
HOUSA000135531691,STAR-BAR BEST BURR-ET
HOUSA000139966529,MEYERVILLA TIME-OUT-RED-ET
HOUSA000139964219,FRITZLAND SHOTTLE TOM-ET
HOUSA000061740425,CAMPBROS CARLTON-ET
HOUSA000062438614,BERNICKS DUNDEE LORD
HOUSA000061484999,MARCIS-VIEW MORTY HILTON-ET
HOUSA000140330465,RAISBECK IVAN PLANET
HOUSA000061260084,ROYOLA MACAIN
HOUSA000138169675,BUTTERCUP-AT CREED 70
HOUSA000063284157,DANANN 141 MR SAM 5119
HOUSA000060479181,SELZ-PRALLE ZENITH 5205
HOUSA000134530428,QUICKLAND MACHOMAN MARLO-ET
HOUSA000062188674,SANDY-VALLEY Z BUZZ
HOUSA000134645081,LAUMANNS MORTY TIMMY-ET
HOUSA000061619120,JIMEEN MACHOMAN 1128-ET
HOUSA000063793290,MURPH-KO 3067
HOUSA000061166952,MAJESTIC-MDW THRONE 3880-ET
HOUSA000064374012,HOLMACRES BLASTOFF-ET
HOUSA000136142436,RI-JUL BEST DERICK-ET
HOUSA000137235724,ZANKS-VIEW OMAN OMNIPOTENT
HOUSA000135018336,JEFFREY-WAY TUSKET-ET
HOUSA000137159143,JORICH-WAY GOLDWYN CARLO-ET
HOUSA000066626007,DANNYS GOLD AVALON-ET
HOUSA000141442916,RIDGE-PLACE FEAVER FRED-ET
HOUSA000141282596,TIMLYNN PICCOLO PERRY-RED
HOUSA000137987911,RAISBECK FLANNIGAN MORTY
HOUSA000140769984,FIRSTGLANCE GOLD RUSH-ET
HOUSA000068816148,JOLIAM BRAXTON 3380
HOUSA000063071311,DAL-SKI SHOTTLE EAGLE-ET
HOUSA000066051552,HARVUE SHOTTLE SEPP-ET
HOUSA000061898145,REGANCREST-DL REMINGTON-ET
HOUSA000137231122,FROZENES JK MOOSE-ET
HOUSA000139415760,MATT-DARI AIRRAID MARK
HOUSA000061515332,SUNNYSIDE CLAY CHAMPION
HOUSA000063071372,DAL-SKI SHOTTLE EPIS-ET
HOUSA000137970944,HARDWOOD STORMATIC FRANTIC
HOUSA000140273784,BUDJON MAC DADDY-ET
HOUSA000141311737,LAKECREST SANCHEZ STAR
HOUSA000066854296,EL-LYN GOLDWYN TYPHOON
HOUSA000068816003,JOLIAM MILLION 3283
HOUSA000056375541,LIN-LEA MILLION OBY
HOUSA000136125471,ROSEVILLE LAWNBOYP VENICE
HOUSA000064958374,ROEHL-ACRES LOYAL CAMELOT
HOUSA000061780417,JILLIAN OMAN BALEY
HOUSA000138584531,BERKSONS MERRILL MALCOLM-ET
HOUSA000141094159,VAN-DYK PYN ALEX PENCIL
HO840003004886533,ROSYLANE-LLC ALTAMULLER
HOUSA000135892619,APRIL-DAY ADVENT MAGIC-RED
HOUSA000061331396,LANGS-TWIN-B REGGIE-ET
HOUSA000063838404,SKO-LE-JO PORIOT LUCIFER
HOUSA000064331420,CASTLEHOLM ADVENT MARK-ET
HOUSA000140556995,KEY-VALLEY SHOT C-RAGE-ET
HOUSA000064786911,WOODVALE ALTAGARNETT-ET
HOUSA000062785123,WOODVALE ELDRIDGE-ET
HOUSA000137362422,KAMPS-HOLLOW ABLE-ET
HOUSA000064331389,CASTLEHOLM AD ROCKET-RED-ET
HOUSA000136144036,INDIANHEAD ADV TRUMPETER
HOUSA000139404771,KEPRIDGE ADV TERMINATOR-RED
HOUSA000138410146,RODASH-SLEEP AD RICK-RED-ET
HOUSA000060013059,ROEHL-ACRES LOYAL SUNRAY
HOUSA000064918913,LON-BIRCH TEMPTATION
HOUSA000136820228,DIAMOND-VU M SAM ARSENIO-ET
HOUSA000137837814,JEFFREY-WAY GRIZZLY-ET
HOUSA000137032844,JEFFREY-WAY MR TIBS-ET
HOUSA000066977263,BRICHRIS PRENTICE CASH-ET
HOUSA000061866190,OAKLEIGH TITANIC GILBERT-ET
HOUSA000138094645,EMERALD-ACR-VR CRANDAL-ET
HOUSA000061898117,REGAN-OLMAR TITAN MIC-ET
HOUSA000062030943,MEIER-MEADOWS DEVIN CRI-ET
HOUSA000136450045,PARADISE-DND SHANE-ET
HOUSA000061077026,REGAN-ENGLAND COLEMAN-ET
HOUSA000134835082,MR STORMATIC BILL-ET
HOUSA000137147694,RICECREST ALTAHOTSHOT-ET
HOUSA000053580155,MOONDALE SS RUBE-RED
HOUSA000136079695,FROZENES SS MISSLE-RED-ET
HOUSA000061219731,JOLIAM CHAMPION 2629
HOUSA000139196685,CRISDHOME COOKIES CASINO
HOUSA000061515351,SUNNYSIDE BLAZE DUNDEE
HOUSA000140232655,HARDWATER MARINO-RED-ET
HOUSA000138366979,BUDJON-JK ADVENT EBERT
HOUSA000065799273,VIADUCT MARCONI ELMER 1113
HOUSA000134585969,OPSAL MORTY SUPERNOVA-ET
HOUSA000139373453,LOIS AIRRAID FORIE
HOUSA000062022237,KAS-BRO KINSMAN-ET
HOUSA000141312792,MBAJ HVEZDA O-HENRY
HOUSA000138166449,BUDJON-JK STORMTC EBER-ET
HOUSA000063235353,SKO-LE-JO TITLEIST SAVAGE
HOUSA000065512319,SUNNYSIDE DECKER DEB-RED-ET
HOUSA000062013319,RIDGEVILLE SEPTSTORM JOHN
HOUSA000062093551,BUCKNIER CHAMPION TUX-ET
HOUSA000133810213,JERIAN THRONE APPLE
HOUSA000066731093,MR TIRAWLEY ZENITH DEB-Z
HOUSA000062114092,RAILANE DUNDEE EVERWOOD-ET
HOUSA000135825604,FROZENES BEST ROBIN
HOUSA000207810714,LANDS-BROOK ROSCOE-RED-ET
HOUSA000071627688,DAL-SKI REDLINER LOUIE
HOUSA000061319316,DYNAMIC SS CADBERRY-RED
HOUSA000062022234,KAS-BRO MORTY KICKSTART
HOUSA000142731909,GEHRING ROCKWELL-CLIVE
HOUSA000142206177,DANWOOD KELLEY OS BROKAW-ET
HOUSA000061219882,JOLIAM SHOTTLE 2401-4-ET
HOUSA000136595252,MISSION-BELL CHAMP DYLAN-ET
HOUSA000139593950,MCCLELLAND ARMST DRIZZLE-ET
HOUSA000064557676,HOL-STAR ARMSTED TERENCE-ET
HOUSA000064641833,BRICHRIS DEBONAIR RODEO-ET
HOUSA000069330745,PIERCE-VALE ADVENT RAMSON
HOUSA000069248932,HOL-STAR MANOMAN TERIFIC-ET
HOUSA000137339129,MORSAN SHADOW-ET
HOUSA000064557678,HOL-STAR TEREX-ET
HOUSA000139818460,ARIWAMI SATURN-ET
HOUSA000141291547,CRISDHOME GOLD CHEVY-ET
HOUSA000139364578,MIDNITE-BLU PRODEE HEMAN
HOUSA000139192672,TIMLYNN PLAID CHRIS
HOUSA000135518470,PARADISE-D SPEEDO
HOUSA000063683039,OPSAL-LL BENSON-ET
HOUSA000139887039,MEYERVILLA BRIBERY-RED-ET
HOUSA000139681183,HY-GRO TD PARKER-RED-ET
HOUSA000064930140,TRIM-BEL GOLDWYN MOSES-ET
HOUSA000063377643,TRIM-BEL MARION MAJESTIC
HO840003131809662,CHAR-LAND TOYSTORY KALVIN
HOUSA000138049748,OKATO GOLIATH 42
HOUSA000141060006,MATT-DARI DRIVER MARSHALL
HOUSA000072479305,EARGLADE ARMANI 3466
HOUSA000072182384,WILS-GOLD COLT SHAQ-RED-ET
HOUSA000071823704,CASTLEHOLM EXPLODE ABE-ET
HOUSA000069703260,VIADUCT SHTL FORESIGHT 1297
HOUSA000141243713,CASTLEHOLM GOLDWYN ROW-ET
HOUSA000141243704,CASTLEHOLM GOLDWYN ROAR-ET
HOUSA000137201466,JO-PA-CHA ADVENT AUSTIN-RED
HOUSA000069926919,NOOK-SPRING GOLD DAKOTA
HOUSA000069926799,ERICKSONFARM DILLON
HOUSA000063283564,DOSE 3180 JONAH CAP-RED
HOUSA000070297615,LAKECREST SID ROOSTER
HOUSA000066870201,WEBB-VUE MILLION WARDELL-ET
HOUSA000065512322,SUNNYSIDE HARRY LAWN BOY-ET
HOUSA000063058623,CASTLEHOLM ATWOOD RACE
HO840003123835109,JOLIAM SHOT PHARVE 9620-ET
HOUSA000139895959,EAST-WIND BAXTER DUST-ET
HOUSA000064943931,REGANCREST BRAXTON DRAXX
HOUSA000066079450,CLEAR-ECHO JEEVES NILE-ET
HOUSA000142516180,KLATTVIEW OTIS SILICON
HOUSA000139808593,GIL-GAR SHTL MOJAVE
HOUSA000066870180,WEBB-VUE JEEVES NOAH-ET
HOUSA000140511741,CASTLE-ZANK SHOT RAVIOLI-ET
HOUSA000071949403,NOVA-TMJ EPIC VAPOR-ET
HOUSA000066452834,NOVA SHOTTLE ELVISE-ET
HOUSA000065512349,SUNNYSIDE HERBIE REALITY-ET
HOUSA000120958320,AR-LINE SHOT PAPADADDY-ET
HOUSA000064195242,BATTIST SEP STORM SALT
HOUSA000061898134,REGANCREST TITANIC FORD-ET
HOUSA000068816023,SELZ-PRALLE BLTON 2558-2-ET
HOUSA000055249889,MEIER-MEADOWS AL DAVIS
HOUSA000066977191,BRICHRIS MAC GOMER
HOUSA000062353615,NOOK-SPRING MORTY FRITZ
HOUSA000135495353,HOW-EL-ACRES CHAMP CAPTAIN
HOUSA000070005016,MURPH-KO 4720
HOUSA000135227497,SANDY-VALLEY DUNE-ET
HOUSA000065838560,ME-DO-CREST GOLD IRVIN-ET
HOUSA000138817617,UFM-DUBS SHOTTLE ELROY-ET
HOUSA000065580680,BADGER LONGNECK-ET
HOUSA000068501362,BATTIST BUTANE AUBREY
HOUSA000064865382,GREKARE BOLTON 139
HOUSA000066636870,CROIX-LINE MAC 8
HOUSA000062284579,CO-OP SOSA 2531-ET
HOUSA000139184640,VAN-DYK PTM NEON PEKA
HOUSA000066631739,SPRUCE-HAVEN ALTAHENDRIX
HOUSA000062633136,EISENTRAUT MAC 73-ET
HOUSA000136298687,ELITES-JSJ FIRESTORM-RED-ET
HOUSA000142009314,GEHRINGS-TAG SUNTAN KIMBO
HOUSA000141091914,GEHRINGS-TAG ADVENT KIMBO
HOUSA000140542967,JO-LINE BUCKEYE NATE
HOUSA000062188651,SANDY-VALLEY BELASCO-ET
HOUSA000139474118,MR EL SORRO-ET
HOUSA000063031804,ROYOLA DANIEL JETS-ET
HOUSA000069618269,DAL-SKI PICOLO MARK-RED
HOUSA000066394028,MR SYNERGY GOLD HEISMAN-ET
HOUSA000138898481,RIDGE-PLACE A ADRIFT-RED-ET
HOUSA000065610459,SUNKIST ACHIVER ADVENT-RED
HOUSA000065912670,WILDVALE POTTER GETTO
HOUSA000139116643,DALUGE REAGANCREST VET
HOUSA000061977220,TRUE-BLUE ORIGINAL-ET
HOUSA000066516553,WILDVALE SHOTTLE BUSTER-ET
HOUSA000062188537,SANDY-VALLEY GANDALF-ET
HOUSA000071867230,ABS MAXIMUM
HOUSA000141415039,NAN-KEY SUPER STAR
HOUSA000064024112,BERNICKS ALANDO LIBERAL-TW
HOUSA000069221162,NOBLAND REDLI HOLLYWOOD-RED
HOUSA000071764626,AURORA DISCREET-ET
HOUSA000072479334,SELZ-PRALLE SUPERSIRE 4004
HO840003134543136,MR JOLIAM WICKHAM 4004
HOUSA000065993167,ROEHL-ACRES LOYAL MAGIC
HOUSA000064958377,ROEHL-ACRES LOYAL JAM
HOUSA000064958379,ROEHL-ACRES LOYAL MAXI
HOUSA000066765854,BERNICKS BOLIVER MONTANA
HOUSA000068638031,NA
HOUSA000071627653,DAL-SKI MUCHO PETEE
HOUSA000069618283,DAL-SKI JORDAN BARNEY
HOUSA000070297611,LAKECREST GERARD FIRE
HOUSA000140028142,BRANDS-HAVEN ALTABUSTER
HOUSA000071918216,WILDVALE EMERALD 1328
HOUSA000071630770,SPRUCE-HAVEN BOLLI-ET
HOUSA000141786791,SPURLEY-GIRL ROLND ACHILLES
HOUSA000055969433,CREEK CO-P KOJACK-RED-ET
HOUSA000071240803,VIR-CLAR GULF 555
HO840003127290409,PRIDE TATALUMBERJACK 270-ET
HOUSA000140911626,VAN-DYK SEAR OMAX SAMMIE
HOUSA000071020392,ELM-RIDGE SUPER DELLROSA
HOUSA000072686401,LEGACY-SCH GERARD 2670
HOUSA000140225316,ACE-N-SPADES CC FLIP
HOUSA000142177936,GEHRING REDLOU INDY-RED
HOUSA000071602184,DANANN 1018 HB91 5457
HOUSA000071922149,CO-OP UPD SS SCORPION-ET
HOUSA000071602097,DANANN 524 DURABLE 5370
HOUSA000142972269,BECKERDALE JB BRAXTON
HO840003011816208,KLASSIC BRUSKI CRI-ET
HOUSA000072695300,PRIDE OHARE JADE 227
HOUSA000070372599,SELZ-PRALLE AL 3352
HOUSA000140442230,STAR-BAR SHOTTLE STEVE-ET
HOUSA000063640944,MAJESTIC-MANOR JET BLAZE
HOUSA000139816132,EVER-GREEN-VIEW EMPLOY
HOUSA000064918462,STUMPLAND TSTORY HOTROD-ET
HOUSA000071921797,BRICHRIS ZELGADIS MARVIN
HO840003006094546,ROSYLANE-LLC SHOTTLE 1213
HOUSA000069522858,VATLAND MARTIAL-ET
HOUSA000066111414,COOL-LAWN ALTAJAVAMAN-ET
HO840003004886569,ROSYLANE-LLC ALTAHAYWARD
HOUSA000066762609,BERRYRIDGE PLANET ISAIAH
HOUSA000064519104,WELCOME ALTAGRATIOUS-ET
HOUSA000063260746,CREST-VIEW-ACRES SYLER-ET
HOUSA000066079396,NORTH-ECHO ALTADEMOLISH-ET
HOUSA000066275183,WILRA ARMSTEAD 919
HOUSA000068656197,DE-SU 616
HOUSA000062722939,WILDVALE O MAN GARLIC
HOUSA000064260492,BERNICKS TOYSTORY 761 9620
HOUSA000139410457,JO-LINE BUCKEYE RANDY
HOUSA000065934407,DANANN 440 DERREN 5350
HOUSA000140961546,GEHRING ADVENT TREVOR
HOUSA000063004184,BRICHRIS DUNDEE 716 GENEVA
HOUSA000140828014,JO-PA-CHA ALEXANDER WILLIE
HOUSA000065610486,SUNKIST SOSA ARAID REID
HO840003004511032,NA
HOUSA000140008018,CASTLEHOLM SHTLE SERVILE-ET
HOUSA000072186735,LUCK-E JORDAN 536-ET
HOUSA000141087838,MR BUDJON GLAZ-WAY EGGO-ET
HO840003123835115,JOLIAM SHOTTLE 9626
HOUSA000071020395,ELM-RIDGE CHARIOT LAZER
HOUSA000074590246,RED-BRAE FAME ROCKY
HOUSA000064918952,LON-BIRCH LAKE OF FIRE-RED
HOUSA000071602093,DANANN 306 ALEXANDER 5366
HOUSA000066035856,PHIL-MAR-RU DEREK JOEY
HOUSA000065499494,GOLD-N-OAKS SHOTTLE 194-ET
HOUSA000069561882,MR MINNESOTA-ET
HOUSA000142433520,MS-J-LYNN COLPORTR-P-RED-ET
HOUSA000069703294,VIADUCT SANCHEZ FRUITLOOP
HOUSA000140653919,RIDGES-EDGE RAMOS RAMADA
HOUSA000070524751,SEEFELDT-ACRES GUTHR GALAXY
HOUSA000142296189,KEY-VALLEY SHOUT CONNER
HOUSA000072029705,PFAFFSWAY GUTHRIE TOPPER
HOUSA000140892530,ROSE-A-LEE SS DANDEE
HOUSA000073414853,WILFAR-AJ GUTHRIE 1465
HOUSA000070918119,HILLTOP-LLC BOLLYWOOD 5440
HOUSA000143121611,COW-PALACE GOLD DREAMS CASH
HOUSA000064881207,TRUE-BLUE JELLY FILLED-ET
HOUSA000071640131,L-L-M-DAIRY EPIC PATRICK-ET
HOUSA000065512338,SUNNYSIDE DIABLO MILLION
HOUSA000062353245,VIR-CLAR JEEVES 481-ET
HOUSA000065512317,SUNNYSIDE DANIEL SHOTTLE-ET
HOUSA000071020377,ELM-RIDGE DUNDEE ROSKIN
HOUSA000069816403,DELLA-SHEEN ATTIC AMMO-ET
HOUSA000065395086,GREENLEA AD MIGHTY-RED
HOUSA000069085993,SELLCREST MAX ROB-RED
HOUSA000141520094,MR SUPER REGGIE-TW
HO840003011816231,SONRAY-ACRES DETOUR CRI-ET
HOUSA000068654017,PIERCE-VALE GOLD R TIMMY-ET
HOUSA000071452562,DANANCE CONTACT EARLY
HOUSA000072009092,WARGO-ACRES MYSTICALLY
HOUSA000068501390,BATTIST MILLION DORITO
HOUSA000070096183,WARGO-ACRES MERCADE-ET
HOUSA000069093130,WARGO-ACRES IOTA MILO-ET
HOUSA000070710943,WARGO-ACRES PALMO MILES-ET
HOUSA000070906380,WILDVALE SPACESHIP HOSS
HOUSA000070239956,CC NEPTUNE ADVENT NICK R-95
HOUSA000138324326,WEST-PRAIRIE-VU FOX-RED
HOUSA000140476981,BUTTERCUP-A ACE 78
HOUSA000064195291,BATTIST BOLTON DONNER
HOUSA000070372403,SELZ-PRALLE DESTRY 3712
HOUSA000140767450,L-MAPLES SHAQ DIESEL
HOUSA000069703219,VIADUCT ATTD GUIDE 1256-RED
HOUSA000069260177,KRULL MB WETDREAM-RED-ET
HOUSA000070341888,MR REDLINER SAM-RED
HOUSA000064641773,JO-WAL-LANG B FIRST-RED-ET
HOUSA000072615124,BOMAZ 1748 OUTLOOK PP
HOUSA000070005297,MURPH-KO 5001
HOUSA000142772113,GEHRING BRAXTON RAMI
HOUSA000141658588,RAISBECK PEDRO CARUSO
HOUSA000141761457,KLATTVIEW SID RANDY-ET
HOUSA000140754030,GLORY-ROAD ATWOOD GABE-ET
HOUSA000141156965,BLUE-COLLAR ROYAL
HOUSA000142207011,SPURLEY-GIRL LEON JAZZI
HOUSA000138422145,RIDGE-PLACE TOYSTORY TICKLE
HOUSA000064958380,ROEHL-ACRES LOYAL LEON
HOUSA000074082668,TIRAWLEY GOLDCHIP TIP
HOUSA000142132438,HOESLY GOLDSUN ELECTRON
HOUSA000072435027,GEHRKE JOHANSSON P STU-ET
HOUSA000071577477,RICKLAND HEADLINER 751
HOUSA000065751432,ELM-PARK STRAWMITE
HOUSA000142328480,BUTTERCUP-A MASSEY 9
HOUSA000142548651,EMERALD-ACR-VR MARS
HOUSA000141199519,VAN-DYK RALE MILLION ROD
HOUSA000142353235,VAN-DYK LALTO MILLION LUCKY
HO840003130021804,HILLTOP-LLC G W ATWOOD 7522
HOUSA000070134885,BRICHRIS JONAH TEDDY
HOUSA000142328547,BUTTERCUP-A ROCKY 15
HOUSA000142796278,BUTTERCUP-A BOOKEM 27
HOUSA000142987056,ROCK-N-HILL GOLD S RUDY
HOUSA000141940674,BUTTERCUP-AZ ASHTON 18
HO840003125112121,VIADUCT ALADN KINGSMAN 1662
HOUSA000072619848,B-CHRIS BARNSTORMER ISACO
HOUSA000066603350,HWY-ACRES MARCONI BUBBA
HOUSA000071070790,SRNKA ALLSTAR SAFIRE ALVIN
HOUSA000065512355,SUNNYSIDE JOSE HOGAN
HOUSA000065512331,SUNNYSIDE LARRY SANCHEZ
HOUSA000071336943,BEN-AKERS LUBOOK-ET
HOUSA000139415845,EVER-GREEN-VIEW ROYCE
HOUSA000070668109,VEAZLAND ROBUST REBEL
HOUSA000064394142,TOLLENAARS SHOT TUFF 612-ET
HOUSA000071637229,ANY-DAY DIRECTOR TRE-RED-ET
HOUSA000072186722,LUCK-E REDBURST 523-RED-ET
HOUSA000071800436,WEST-SPRINGS BLACKCOLA 3072
HOUSA000141947916,MATT-DARI CLARK HEATH
HOUSA000139265963,MEYERVILLA TORNADO-RED-ET
HO840003125982813,DE-SU KALAMAZOO 12774-ET
HOUSA000070726781,BATTIST TIME KALVIN
HOUSA000061612526,WILDVALE-SL MACHO BOSTON-ET
HONLD000482184166,DE BIESHEUUVEL SUNRISE
HODEU000351175724,ROUTER TV TL TY PF
HOAUS000H01549198,GLOMAR ROUMARE JAKE
HOCAN000100748722,DESLACS KOSMO-RED-ET
HOUSA000133750650,WARRENCREST MOHAWK-RED
HOCAN000007207962,ALTAGEN REFORM
HOCAN000009501539,STANBRO AGENCY
HOCAN000007533518,ALTA WHIZ-ET
HOCAN000007533510,ALTA SHOCKER-ET
HOCAN000007533520,ALTA CORNERSTONE-ET
HOCAN000007533521,ALTA GEMSTONE-ET
HOCAN000007533516,ALTA KEYSTONE-ET
HOCAN000007533538,ALTA SLEEK
HOCAN000007533542,ALTA IQ-ET
HOCAN000007533663,ALTA NICHOLAS-ET
HOCAN000007533677,ALTA TISSOT-ET
HOCAN000007533676,ALTA SEIKO-ET
HOCAN000007359166,ALTA MYSTIQUE-ET
HOCAN000007359242,ALTA TORCH-ET
HOCAN000007533527,ALTA DAGGER-ET
HOCAN000007533539,ALTA NEON
HOCAN000101098586,VIEUXSAULE MALICIEUX-ET
HOCAN000007533530,ALTA DANDY-ET
HOCAN000008669669,VALLEYRIVER ENCT MARCUS-RED-ET
HOCAN000007359343,ALTA GOOD THING
HOCAN000008758158,STELBRO PURSUIT-RED-ET
HOCAN000007355182,WEST PORT BEAUMONT-RED-ET
HOCAN000007359311,ALTA DELPHI
HOCAN000103473203,LA PRESENTATION BARTOLI-ET
HOCAN000102725253,DELABERGE QUAKER
HOCAN000102915706,CHARPENTIER MITCH-ET
HOCAN000103186877,BOFRAN LOUGI-ET
HOCAN000007359261,ALTA LUCKYCLOVER-ET
WWCHE120112928183,MR AYSHA ASTHON-RED
HOCZE000050561061,ZELIV ICHANT
REDNK000000036249,R Erik
HOFIN000009773756,JUFINN
HOFRA006125091132,VAINQUEUR
HOFRA008501200355,VIKASH
HOCHE120065814601,MATTENHOF SIRWOOD
HOFRA005355014337,ESCABO ISY
HOFRA004934530136,UBRIAN
HOFRA002941260047,VAKANSOU
HOFRA002141062352,VICOMTE
HOFRA001445852449,DOT SIRE
HOCAN000007484366,OVERSIDE-I RMH DART-ET
HOGBR000000631224,PICSTON SERENADE-ET
HOITA019500394688,CERVI CELSI TV
HOITA004900208950,SANINO HYPNO ET
HONLD000414570296,FRANKENHOF MISTERY
HONLD000422655859,SOUTHLAND LUBELLE
HONLD000359506972,BROEKS MIKAA
HONLD000442123523,DELTA MORAZAN
HODNK000000255761,VH BEACON BOOTH-ET
HONLD000439898618,HAVEP NANO
WWNLD000530106845,FASNA ASTERIX
HONLD000393926633,VEN DAIRY ELGIN
HONLD000431822727,DELTA MALAGA
HONLD000396668543,HET MEER MAESTRO
HONLD000419998633,WILLEMS-HOEVE SIMPLY
HONLD000386834273,ELAGAASTER FRANCISCO
HONZL000000104015,Puketiro Frostman S1f
HONZL000000106079,Maxwells Dan Jazzman S2f
HONZL000000110006,Bagworth Pf Grandeur S1f
HONZL000000110009,Bagworth Pf Launchpad S1f
HONZL000000110528,Scotts Frost Deville S1f
HONZL000000506123,Shalendy Amorous-Et
HOUSA000064188834,WILRA JARDIN 803-ET
HO840003006778390,NO-FLA RENEW-ET
HOUSA000066472707,LEN-DON ALTADEACON
HOUSA000140056749,POLLACK-VU ALTAJARMIL-ET
HOUSA000140056758,POLLACK-VU JOLLY JUSTUS-ET
HOUSA000139706604,POLLACK-VU JARVIS-ET
HOUSA000134101383,BORHART JORDAN LINUX-RED-ET
HOUSA000061133839,GOLDEN-OAKS SMITHSON-RED-ET
HOUSA000061720041,ELM-PARK PESO-RED-ET
HOUSA000133898208,KAMPS-HOLLOW AMMO-RED-ET
HO840003003939055,JAMESHILL-R PLUS SKYLER-ET
HOUSA000139793686,LEADERWIN BOLIVIA MANUS-ET
HOUSA000139594513,KAL-SIDE STOLLEN-ET
HOUSA000066451383,ENSENADA SANDY PAYBACK-ET
HOUSA000134417721,BORHART LUDACRIS-RED
HOUSA000134592075,OCEAN-VIEW ZINFANDEL-ET
HOUSA000134223203,MR FOF PDOX FSTBUC-RED-ET
HOUSA000134509547,JA-BOB APRDY HANIBUL-RED-ET
HOUSA000061580350,BROWNKING SOLO RAUL-RED-ET
HOUSA000061076922,MR PARADOX PRIDE-RED-ET
HOUSA000063640943,MAJESTIC-MANOR JN BREMEN-ET
HOCAN000007359215,ALTA NAVIGATOR-ET
HOUSA000060044899,CHASIN-RAINBOWS SUMA-RED-ET
HOUSA000134376817,MORRILL J CATERPILAR-RED-ET
HOUSA000201358593,RADINE BRET PALISADE-ET
HOUSA000060537847,ELM-PARK MEXICAN-RED-ET
HOUSA000133917648,RIDGEDALE-T RAPPIN-RED-ET
HOUSA000134866703,O-BEE BREEN
HOUSA000132414870,MR LOREN-RED-ET
HOUSA000136369800,DEWGOOD TEAMMATE-ET
HOUSA000135769308,MR DEXTER-ET
HOUSA000063685791,PINE-TREE AMATUR WOOSTER-ET
HOUSA000065721181,MR LEANN ADV LEO
HONLD000393714184,JOTAN-RED-ET
HOUSA000063210236,KINGS-RANSOM ALTAJUNCTION
HOUSA000065431789,BERGEN ALTAALLHARD
HO840003000336265,END-ROAD MANGO BARDIA-ET
HOUSA000062711192,LATUCH OFFROAD TROY-ET
HOUSA000135553204,MARKWELL GDLUCK FEARLESS-ET
HOUSA000134137773,GLEN-TOCTIN LEBRON-ET
HOUSA000066959378,CACHE-VALLEY AD DEZI-ET
HOCAN000007219779,ALTAGEN DRASTIC-ET
HOUSA000135928615,HAVENCREST JBJ KARL-RED-ET
HOUSA000062252908,SWEET-PEAS JOR FREEBIRD-RED
HOUSA000063537282,SWEET-PEAS FOKKER-RED-ET
HOUSA000134883647,HICKORYMEA TONY-RED-ET
HOUSA000062744760,REGANCREST PR BLOKER-ET
HOUSA000137754731,ROSEDALE TOUCHDOWN-RED
HOUSA000137378621,LONE-OAK MAX HAWKEYE-RED-ET
HOUSA000050416864,STEMPLE-VIEW DAMION JIFF
HOUSA000069468834,RMW PECOS ABERDEEN-ET
HOUSA000069468774,RMW PECOS AUGUSTINE-ET
HOUSA000066870250,WEBB-VUE BOGART DREW-ET
HOUSA000140878943,GNAT-HILL MICKEY-ET
HOUSA000062385491,SEWARDS-FOLLY DIFFERENCE-ET
HOUSA000063395165,HAPSTEIN DAMION LAMBEAU-ET
HOUSA000062769061,LE-O-LA ENCINO TYSON CRI-ET
HOUSA000064341599,CO-OP OFFROAD STEVE-ET
HOUSA000064509309,OAKLEIGH ALTAHOKA-RED-ET
HOUSA000064509281,OAKLEIGH REDMAN HERB-RED-ET
HOCAN000007528901,KY-BLUE-I CIRCLE-ET
HOUSA000062897564,CANYON-BREEZE MARSH ASTONIC
HOUSA000142142547,HICKORYMEA PARK TREY-PP-ET
HOUSA000066066742,LATUCH ALTATENOR-ET
HOUSA000055969443,CREEK ALTAKID-RED-ET
HOUSA000055969441,CREEK CO-P KODAK-P-ET
HOUSA000072596773,MR FARNEAR IMPULSE-P-ET
HOUSA000072695291,PRIDE OAK TUX 218-ET
HOUSA000072695295,PRIDE OAK TUT 222-ET
HO840003014259028,T-GEN-AC OUTSTANDING-ET
HOUSA000061972970,MAJESTIC-MANOR SC BENCHMARK
HOUSA000139708482,O-BEE PLATINUM
HOUSA000063214499,PENN-ENGLAND OSKAR-ET
HOUSA000066532656,BOMAZ ALTAAIRBORNE-TW
HOUSA000068886466,BOMAZ NOTARY 1099
HOUSA000063449600,DE-SU S METALLIC 242-ET
HOUSA000063203815,RI-VAL-RE ALTAWILDVILLE
HOUSA000062916252,CLEAR-ECHO JAKARTA-ET
HOUSA000065866623,GOLD-N-OAKS SUTTER-ET
HOUSA000066079409,NORTH-ECHO S-J EXPLOSIVE-ET
HOUSA000140532894,O-BEE KALANI-ET
HOUSA000140464272,O-BEE KURTZ-ET
HOUSA000053739095,DO-N-JOY PRNT LAWBREAKER-ET
HOUSA000063210218,KINGS-RANSOM ALTAROCKSTAR
HOUSA000139747096,A-ELSBERND MCOW CHARGERS-ET
HO840003005567699,A-ELSBERND MSCOW HAWKEYE-ET
HOUSA000139439629,MR BC DANA PRONTO DWAYNE-ET
HOUSA000068725756,HENDEL ALTABOURNE-ET
HOUSA000064881192,TRUE-BLUE ADVANCE-ET
HOUSA000064881190,TRUE-BLUE IMPRESSION-ET
HOUSA000069474027,DE-SU LES SOLSTICE-ET
HOUSA000069474010,DE-SU LES SONIC-ET
HOUSA000065827941,KINGS-RANSOM SJ GRAPHIC-ET
HOUSA000062968894,C-HAVEN SCAR-RED-ET
HOUSA000063592094,FOREST-LAWN PLATTE-P-RED-ET
HOUSA000063592099,FOREST-LAWN PATRIARK-RED-ET
HOUSA000069248935,HOL-STAR LK REALTIME-RED-ET
HOUSA000064665568,AMMON FARMS BARTON-ET
HOUSA000138417666,RICHMOND-FD ARGYLE-ET
HOUSA000138417705,RICHMOND-FD M-S ALTRUIST-ET
HOUSA000064431379,RICHMOND-FD ATTICUS
HOUSA000138929389,HOEK-TEX ALTAHESSEL-ET
HOUSA000064641701,BRICHRIS LOU TAREL
HOUSA000138971117,SAINTVILLE ANDY-RED
HOUSA000143038719,DALOR-RAVAN THUNDERSTRK-RED
HOAUS000H01647328,JARRAMAH WALKER-ET
HOUSA000135558638,FROZENES ADVENT MERL-RED-ET
HOUSA000063364618,WILKSWIK ELM-PARK RUFINO-ET
HOFIN000000095453,VH Ma ntyla n Fibrax Fanta
WWUSA000170221360,PHIL-AUD TOP ROCK-RED
LDUSA000000005566,C&W JORDAN ALLSTAR-RED-ET
HOUSA000136778240,BUCKHORN-ACRES RIZZO-RED-ET
HOUSA000136297462,APRIL-DAY NIKNAK-RED
HOUSA000052886475,BEVENDALE TALENT LANCE-RED
HOUSA000139097838,MR PRETZELS PICKLE
HOUSA000136447586,HEUERS KITE
HOUSA000064478576,ELK-LICK TALENT WINDSOR-ET
HOUSA000142393822,HARDWOOD ACME BRUNO
HOUSA000065985031,TRI-LEVEL SHTL BOULDER 1286
HOUSA000137728079,NOVA ADVENT LASER-RED-ET
HOUSA000136898421,VAN-DYK PRI LION KING PIE
HOUSA000062660330,FRIESIAN-KNOLL T THOMAS-RED
HOUSA000062660300,FRIESIAN-KNOLL BRET MICHAEL
HOUSA000065512343,SUNNYSIDE MACK SANCHEZ-ET
HONLD000416877346,ALH TASK
HOUSA000135956306,JEFFREY-WAY SAM
HOUSA000138530952,ELM-RIDGE PRO DONJUAN
HOUSA000060659407,VIR-CLAR FILMORE 325-RED
HOUSA000061888060,QUARRY-HEIGHTS FRITZ EARL
HOUSA000060928437,QUARRY-HEIGHTS IMAGE BERT
HOUSA000139246072,JEFFANA ANDY
HOUSA000062499412,BRICHRIS FI-FRITZ RANDY F20
HOUSA000060013060,ROEHL-ACRES LOYAL ANGLE
HOUSA000134078625,BRICHRIS ATOM APPLEJACKF20
HOUSA000170161314,CIRCLE-E PARA-DOC-RED
HOUSA000061376360,MAR-BIL TMSTER GAVIN CRI-ET
HOUSA000139079416,HILLY-VUE ASPEN STAR
HOUSA000062913781,CHASON-ACRES EXPRESS LANE
HOUSA000137004582,MEYERVILLA TUTIME-RED-ET
HOUSA000132964281,ROSEVILLE JORDN BE-WARE-RED
HOUSA000063427367,KINGSMILLDCF ASPEN PEARL-ET
HOUSA000134817790,VAN-DYK LEGY KOLUMBIA LARRY
HOUSA000139400487,RHC COLBY KLINK
HOUSA000135733516,JO-PA-CHA ADAM DANIEL
HOUSA000134780001,ASTRAHOE LORENZO RAINE
HOUSA000138530970,ELM-RIDGE KITE SHELDON
HOUSA000140285550,MATT-DARI JASPER LANCE
HOUSA000141442916,RIDGE-PLACE FEAVER FRED-ET
HOUSA000141282596,TIMLYNN PICCOLO PERRY-RED
HOUSA000063449220,PFAFFSWAY ASPEN DILLYN
HOUSA000139410662,JM-L-MAPLES DARRON-ET
HOUSA000068816148,JOLIAM BRAXTON 3380
HOUSA000137949933,FROZENES GARY
HOUSA000141311737,LAKECREST SANCHEZ STAR
HOUSA000137545362,LAKECREST KITE MONEYMAKER
HOUSA000135069949,LEESIA RUBEN ROSE ALTER-RED
HOUSA000140687183,VOIGTSLAND COLBY BURT
HOUSA000136125471,ROSEVILLE LAWNBOYP VENICE
HOUSA000138325961,APPLEGLEN JOR PR ALBERT-RED
HOUSA000064958374,ROEHL-ACRES LOYAL CAMELOT
HOUSA000136505745,ROBEY 1355 BLUE
HOUSA000052323699,GLEN-D-HAVEN PASCAL-ET
HOUSA000135892619,APRIL-DAY ADVENT MAGIC-RED
HOUSA000063838404,SKO-LE-JO PORIOT LUCIFER
HOUSA000064331420,CASTLEHOLM ADVENT MARK-ET
HOUSA000139184631,VAN-DYK MRK DOCTOR MARK
HOUSA000134001517,HARCRIS CLASSIC WILLY FM20
HOUSA000064331389,CASTLEHOLM AD ROCKET-RED-ET
HOUSA000136144036,INDIANHEAD ADV TRUMPETER
HOUSA000139404771,KEPRIDGE ADV TERMINATOR-RED
HOUSA000138410146,RODASH-SLEEP AD RICK-RED-ET
HOUSA000062922367,PFAFFSWAY DAMION DOODA
HOUSA000062733901,HORNING-VALLEY PRONTO BANDY
HOUSA000064918913,LON-BIRCH TEMPTATION
HOUSA000062398828,SCHULTZ FARM RUMBLE CRI-ET
HOUSA000062398817,SHEMA MURPHY BODIE CRI-ET
HOUSA000136592071,O-BEE BENJAMIN-ET
HOUSA000136488969,LAKECREST PATRICK UFO-RED
HOUSA000064195320,BATTIST GRAND MATHIAS-TW
HOUSA000141822785,FROZENES TALENT MAK-RED
HOUSA000140232655,HARDWATER MARINO-RED-ET
HOUSA000138366979,BUDJON-JK ADVENT EBERT
HOUSA000137201475,JO-PA-CHA MAILING DENVER
HOUSA000135582213,JERLAND DEREK-ET
HOUSA000139195367,LAKECREST ASPEN RANDY-ET
HOUSA000135498244,HERNESS FALCON DICK
HOUSA000065233450,ROYAL-KG LOU 3534
HOUSA000061894109,SKO-LE-JO ZANDER PRICK
HOUSA000207810714,LANDS-BROOK ROSCOE-RED-ET
HOUSA000071627688,DAL-SKI REDLINER LOUIE
HOUSA000065776554,C-BLISS TALENT SUDDY-RED
HOUSA000069330745,PIERCE-VALE ADVENT RAMSON
HOUSA000062030799,ALL-RIEHL PASSION CRI-ET
HOUSA000140878783,CRISDHOME CRICKET-ET
HOUSA000139364578,MIDNITE-BLU PRODEE HEMAN
HOUSA000139887039,MEYERVILLA BRIBERY-RED-ET
HOUSA000139681183,HY-GRO TD PARKER-RED-ET
HOUSA000064195276,BATTIST BILLION ARCHER
HOUSA000139646818,BUDJON PRONTO ADMIRABLE-ET
HOUSA000062662692,BATTIST LYLE DASHER
HOUSA000064331379,CASTLEHOLM REMEMBER-ET
HOUSA000068712345,TRIM-BEL BOLIVIA MAVRICK-TW
HOUSA000137970702,BEE-BOW INFERNO GUMBY
HOUSA000064268032,WEBB-VUE BILLION SHACE
HOUSA000066658716,MCKDEVLAN REDMAN AARON-RED
HOUSA000072182384,WILS-GOLD COLT SHAQ-RED-ET
HOUSA000139806797,CASTLEHOLM PRNTO REGATTA-ET
HOUSA000137201466,JO-PA-CHA ADVENT AUSTIN-RED
HOUSA000063283564,DOSE 3180 JONAH CAP-RED
HOUSA000139084799,MIL-R-MOR BRODAN-RED
HOUSA000070297615,LAKECREST SID ROOSTER
HOUSA000065512322,SUNNYSIDE HARRY LAWN BOY-ET
HOUSA000064943931,REGANCREST BRAXTON DRAXX
HOUSA000065512349,SUNNYSIDE HERBIE REALITY-ET
HOUSA000070918140,HILLTOP-LLC BANDO 5461
HOUSA000134817820,VAN-DYK LAVA LESTER
HOUSA000138790578,NAN-KEY TALENT GENERAL
HOUSA000070005016,MURPH-KO 4720
HOUSA000064481773,GOLDEN-OAKS COLBY G-ET
HOUSA000136895594,J-O-K MARMAX ETHAN-RED
HOUSA000139821291,BUTTERCUP-A HOMER 75
HOUSA000066340775,S-FINE 3214 PARMESAN-ET
HOUSA000070134899,BRICHRIS MARMAX SIMON
HOUSA000062353183,VIR-CLAR CANYON 419
HOUSA000068501362,BATTIST BUTANE AUBREY
HOUSA000071198289,JAS-K WIND EXTREME-ET
HOUSA000134667069,JO-PA-CHA ALTER NED
HOUSA000139184640,VAN-DYK PTM NEON PEKA
HOUSA000064024163,BERNICKS GALLEON EXCITE
HOUSA000137072552,CLEMCREST TIM
HOUSA000141091914,GEHRINGS-TAG ADVENT KIMBO
HOUSA000139870567,JO-LINE BLADE DAGGER
HOUSA000063031806,ROYOLA TRESSBO-ET
HOUSA000063031800,ROYOLA ANDE-T-ET
HOUSA000137512443,APPLOUIS OFFROAD OPHIR-ET
HOUSA000069618269,DAL-SKI PICOLO MARK-RED
HOUSA000138898481,RIDGE-PLACE A ADRIFT-RED-ET
HOUSA000065610459,SUNKIST ACHIVER ADVENT-RED
HOUSA000139116643,DALUGE REAGANCREST VET
HOUSA000060478140,BADGER ALTER BILLY
HOUSA000071867230,ABS MAXIMUM
HOUSA000064024112,BERNICKS ALANDO LIBERAL-TW
HOUSA000069221162,NOBLAND REDLI HOLLYWOOD-RED
HOUSA000065993167,ROEHL-ACRES LOYAL MAGIC
HOUSA000071758263,ROEHL-ACRES LOYAL SAMUEL
HOUSA000141477387,VAN-DYK KY SIDE KANDY
HOUSA000069618283,DAL-SKI JORDAN BARNEY
HOUSA000070297611,LAKECREST GERARD FIRE
HOUSA000066765775,BERNICKS PRONTO BIG BOY
HOUSA000066401977,HI-LOW DAMION MADDEN
HOUSA000064195328,BATTIST REDMAN RYAN
HOUSA000141786791,SPURLEY-GIRL ROLND ACHILLES
HOUSA000055969433,CREEK CO-P KOJACK-RED-ET
HOUSA000140911626,VAN-DYK SEAR OMAX SAMMIE
HOUSA000072686401,LEGACY-SCH GERARD 2670
HOUSA000142177936,GEHRING REDLOU INDY-RED
HOUSA000142972269,BECKERDALE JB BRAXTON
HOUSA000137440153,DANWOOD MAPLE WIZARD MURPHY
HOUSA000139184668,VAN-DYK SND DEAN SEA
HOUSA000138493622,EMERALD-ACR-VR MILO
HOUSA000063973797,KEN-CHRIS MOSCOW JOEY
HOUSA000064641702,BRICHRIS LOU SONI-ET
HOUSA000061908506,JIMEEN BINKY 1269
HO840003004886597,ROSYLANE-LLC ALTAOSMOSIS
HOUSA000068597387,ENYART MOSCOW I MATT-ET
HOUSA000061784859,L-RIDGEVIEW RUDY ELLIOT
HOUSA000138619200,BRANDS-HAVEN FB TIMOTHY-DOT
HOUSA000063158994,HONEYCREST LUCKY LOFTY-ET
HOUSA000065866624,GOLD-N-OAKS SAGINAW-ET
HOUSA000140961546,GEHRING ADVENT TREVOR
HOUSA000063004184,BRICHRIS DUNDEE 716 GENEVA
HOUSA000136125716,ROSEVILLE MLSLIDE CHILI-RED
HOUSA000066322064,WEBB-VUE MAVEN SAUL
HOUSA000136491688,BRICHRIS TRMNT MIDNIGHT F20
HOUSA000061515343,SUNNYSIDE EDDIE FREEPORT
HOUSA000063974068,KEN-CHRIS JACKSON HERCULES
HOUSA000138955470,PMSD WILDMAN OZZY
HOUSA000136603957,BUTTERCUP-AZ FRIDAY 67
HOUSA000052369741,OK KITE LIVEWIRE-RED-ET
HO840003004511032,NA
HOUSA000072186735,LUCK-E JORDAN 536-ET
HOUSA000066319052,TRIM-BEL TALENT ANGEL
HOUSA000071020395,ELM-RIDGE CHARIOT LAZER
HOUSA000062353204,VIR-CLAR MYRON 440
HOUSA000064918952,LON-BIRCH LAKE OF FIRE-RED
HOUSA000066139354,SVENDSEN TALENT MAJOR-RED
HOUSA000142433520,MS-J-LYNN COLPORTR-P-RED-ET
HOUSA000069703294,VIADUCT SANCHEZ FRUITLOOP
HOUSA000138206660,DALUGE REGGIE FRANKY
HOUSA000065512284,SUNNYSIDE TITAN PROMOTE
HOUSA000142296189,KEY-VALLEY SHOUT CONNER
HOUSA000063954812,ILAND-ACRE LOU MARS-ET
HOUSA000064881202,TRUE-BLUE SECOND CHANCE-ET
HOUSA000064881196,TRUE-BLUE SANDY 285-ET
HOUSA000065395086,GREENLEA AD MIGHTY-RED
HOUSA000062632925,WILLOWLIND RUSTY REDMAN-RED
HOUSA000070096183,WARGO-ACRES MERCADE-ET
HOUSA000070906380,WILDVALE SPACESHIP HOSS
HOUSA000070239956,CC NEPTUNE ADVENT NICK R-95
HOUSA000062590830,QUARRY-HEIGHTS POP PAUL
HOUSA000069321264,RED-BRAE PRONTO RANDALL
HOUSA000065483387,DANANN 303 T-TIME 5216-RED
HOUSA000070341888,MR REDLINER SAM-RED
HOUSA000142772113,GEHRING BRAXTON RAMI
HOUSA000141658588,RAISBECK PEDRO CARUSO
HOUSA000141761457,KLATTVIEW SID RANDY-ET
HOUSA000141156965,BLUE-COLLAR ROYAL
HOUSA000063283546,DOSE 3159 LANCE BEN-RED
HOUSA000142207011,SPURLEY-GIRL LEON JAZZI
HOUSA000142197323,GRAN-J PAEDER ARCHIE-RED
HOUSA000142328480,BUTTERCUP-A MASSEY 9
HOUSA000140286458,VAN-DYK LIG ARMSTRONG LIG
HOUSA000070504853,KEN-CHRIS APOLLO GUTLESS
HOUSA000069261543,RIDGEVILLE ROSS GEORGE
HOUSA000070134885,BRICHRIS JONAH TEDDY
HOUSA000141940674,BUTTERCUP-AZ ASHTON 18
HOUSA000062294261,LANGS-TWIN-B BOOMER-ET
HOUSA000066000602,STONE-FRONT JASPER PRIMO-ET
HOUSA000065512331,SUNNYSIDE LARRY SANCHEZ
HOUSA000065580696,BADGER BRET 3260-ET 9828-TW
HOUSA000065744719,WELCOME ALTAEVEN-ET
HOUSA000071637229,ANY-DAY DIRECTOR TRE-RED-ET
HOUSA000064291649,FIVE-STAR REG. 3743-RED
HOUSA000071800436,WEST-SPRINGS BLACKCOLA 3072
HOUSA000139265963,MEYERVILLA TORNADO-RED-ET
