period_id,term,estimate,std.error,statistic,p.value,yob
1995-2003,yob::2005:treat,-0.7044134508775982,0.290425189487333,-2.425455767528462,0.016229187392209066,2005
1995-2003,yob::2006:treat,-0.504863730045335,0.24792541997072914,-2.0363532311650046,0.04311006081008328,2006
1995-2003,yob::2007:treat,-0.2772112788676524,0.2474888940267387,-1.1200958328162494,0.26409426893817284,2007
1995-2003,yob::2008:treat,-0.3163305709605005,0.23747665270684223,-1.3320491397990228,0.18444806710642345,2008
1995-2003,yob::2010:treat,-1.1928749143047068,0.4404221830360755,-2.7084805449206835,0.007379779295070155,2010
1995-2003,yob::2011:treat,-0.45822253969686466,0.20537389171320047,-2.231162568301335,0.02684577224580554,2011
1995-2003,yob::2012:treat,-0.5892677375462686,0.4774769843035749,-1.2341280457858013,0.21868755021896036,2012
1995-2003,yob::2013:treat,-0.4383312695023541,0.3861838164023143,-1.135032725052658,0.257798999481731,2013
1995-2003,yob::2014:treat,-0.818353961743226,0.24216394097801566,-3.379338634968443,8.82547665538685e-4,2014
1995-2003,yob::2015:treat,-0.7129820618785347,0.3219496049077149,-2.2145766014619186,0.02798431704564277,2015
1995-2003,yob::2016:treat,-0.46063720897982496,0.19064926566053517,-2.416149925277042,0.01663683322173492,2016
1995-2003,yob::2017:treat,-0.2906481475662755,0.35146757065571516,-0.8269558042695889,0.40930493416690195,2017
1995-2003,yob::2018:treat,0.6043822526280381,0.37656070928973784,1.6050061456704106,0.11016206963619936,2018
1995-2004,yob::2005:treat,-0.19116720484997013,0.3126591959110137,-0.6114235798916928,0.5416386994292224,2005
1995-2004,yob::2006:treat,-0.010592748679890275,0.2632064255164893,-0.040245023118657346,0.9679393843142295,2006
1995-2004,yob::2007:treat,0.23770799957567693,0.2624615546620811,0.9056869295837466,0.3662308405599458,2007
1995-2004,yob::2008:treat,0.15174583367226988,0.2505926082023899,0.6055479240222166,0.5455264149264727,2008
1995-2004,yob::2010:treat,-0.8424250056221316,0.29144367555973655,-2.8905242290957234,0.004286575960723873,2010
1995-2004,yob::2011:treat,-0.06602096793726284,0.18409886712754095,-0.35861691583101646,0.7202736632901099,2011
1995-2004,yob::2012:treat,0.3227371699845938,0.6800809327038796,0.4745570041222135,0.6356392651544566,2012
1995-2004,yob::2013:treat,0.04198616507303429,0.3439563974150127,0.12206827780666166,0.902971951535203,2013
1995-2004,yob::2014:treat,-0.30875121999925714,0.2569460047620566,-1.2016190727899212,0.23098355703259632,2014
1995-2004,yob::2015:treat,-0.15445636816190714,0.32288904395918,-0.4783574142621999,0.6329372575807963,2015
1995-2004,yob::2016:treat,-0.04034915189134167,0.21978774562473086,-0.18358235476983534,0.8545338329527313,2016
1995-2004,yob::2017:treat,0.11435187148321392,0.36426475916607837,0.3139251563752774,0.7539169330755959,2017
1995-2004,yob::2018:treat,1.012599149159923,0.3758890647971745,2.693877646337784,0.007684805139296008,2018
1995-2005,yob::2005:treat,-0.2538603120958787,0.2977853902990223,-0.8524941799225407,0.39481155655090416,2005
1995-2005,yob::2006:treat,-0.057817883607119126,0.2691034799911238,-0.21485371950234985,0.8300684975977658,2006
1995-2005,yob::2007:treat,0.11054250018990162,0.26990688294657184,0.40955791487460347,0.6825049311250357,2007
1995-2005,yob::2008:treat,0.08493556591902374,0.2548038487638863,0.33333706037434774,0.7391783532526139,2008
1995-2005,yob::2010:treat,-0.6437590062002202,0.2855804969207633,-2.25421208080199,0.02510870530423928,2010
1995-2005,yob::2011:treat,-0.0650216934464799,0.2566987173309055,-0.25329964295326673,0.8002590690785241,2011
1995-2005,yob::2012:treat,1.082096996200359,0.4956019185556625,2.1833995303204734,0.030000459212176787,2012
1995-2005,yob::2013:treat,0.9059845359687053,0.3749236333499185,2.4164508592691045,0.01643914669980611,2013
1995-2005,yob::2014:treat,0.6852315955870583,0.592952109351745,1.1556272163972894,0.24901226621700223,2014
1995-2005,yob::2015:treat,0.4308790251794765,0.7831554280356268,0.5501832838728345,0.5827184554134941,2015
1995-2005,yob::2016:treat,0.5832523461210082,0.31937761053095054,1.8262155106971276,0.06909204170665395,2016
1995-2005,yob::2017:treat,2.4240278470420096,0.5054905405280836,4.7953970503773204,2.8897314657909515e-6,2017
1995-2005,yob::2018:treat,3.3339603865149066,0.4841152198433645,6.886708473230009,5.216670464580523e-11,2018
1995-2006,yob::2005:treat,-0.3106326057256302,0.30941531957113155,-1.0039341495960377,0.31629935718782204,2005
1995-2006,yob::2006:treat,-0.20081107460698172,0.27082533025739985,-0.7414781860179968,0.45904091750296994,2006
1995-2006,yob::2007:treat,0.12698089498734272,0.25543238332667656,0.497121364697697,0.6195035815102948,2007
1995-2006,yob::2008:treat,0.09516872695931532,0.25255888582260644,0.3768179711806315,0.706601606223275,2008
1995-2006,yob::2010:treat,-0.6043149002016447,0.2717642965030905,-2.223672895879362,0.026988909420396577,2010
1995-2006,yob::2011:treat,-0.12472256242253935,0.23900405296831279,-0.5218428761920414,0.6022028583768301,2011
1995-2006,yob::2012:treat,0.9247458345948739,0.4818749630428869,1.9190576508798018,0.05601952276100317,2012
1995-2006,yob::2013:treat,0.8889930903521578,0.4560242840487196,1.9494424342041876,0.05226645404534805,2013
1995-2006,yob::2014:treat,0.6565478904588112,0.3242966065295217,2.024529018311031,0.043889206444904204,2014
1995-2006,yob::2015:treat,0.8563615915886682,0.5444194249306255,1.5729813308880245,0.11688132645981995,2015
1995-2006,yob::2016:treat,0.915462067681475,0.2766044660047779,3.309643119304017,0.0010597762944527652,2016
1995-2006,yob::2017:treat,2.598211152369385,0.37817838907569845,6.870332169745722,4.329258996728531e-11,2017
1995-2006,yob::2018:treat,1.7351156109022214,1.037102300562656,1.673041907207104,0.09546451452913982,2018
1995-2007,yob::2005:treat,-0.3234662998160299,0.2859765756721564,-1.1310936885503928,0.25888433297798974,2005
1995-2007,yob::2006:treat,-0.2877152926256716,0.25911230536857416,-1.1103883785697137,0.26768672875079624,2006
1995-2007,yob::2007:treat,-2.558690640624252e-4,0.248625431487308,-0.001029134720980814,0.9991795271330728,2007
1995-2007,yob::2008:treat,0.0155129715915139,0.2428413587377211,0.06388109369898792,0.9491058142765927,2008
1995-2007,yob::2010:treat,-0.46821507026751624,0.20272519707624675,-2.3096047113049116,0.02156271185962284,2010
1995-2007,yob::2011:treat,-0.169267341465732,0.15678242254914942,-1.079632134225179,0.2811399152541473,2011
1995-2007,yob::2012:treat,0.37872880544483783,0.38209074791067466,0.9912011937367748,0.3223554288180829,2012
1995-2007,yob::2013:treat,0.06557887902468454,0.45408027181143373,0.14442133493946976,0.8852610134218032,2013
1995-2007,yob::2014:treat,-0.038620776283074934,0.3434518858691873,-0.11244886946925857,0.9105398216557559,2014
1995-2007,yob::2015:treat,-0.4246802059802082,0.41079087962965405,-1.0338111848127594,0.3020250918770289,2015
1995-2007,yob::2016:treat,-0.09136599424966307,0.34379784494517485,-0.2657549940844834,0.7906034256283848,2016
1995-2007,yob::2017:treat,0.7554612547419618,0.7574371253345157,0.9973913734533658,0.31934747935677715,2017
1995-2007,yob::2018:treat,0.7246739202510123,0.5207930319379241,1.3914815978900994,0.1650707413486524,2018
1995-2008,yob::2005:treat,-0.38381316054603487,0.28687054085954705,-1.3379315958899778,0.18185991731549658,2005
1995-2008,yob::2006:treat,-0.3183339159542796,0.26356056629875263,-1.207820731396669,0.22799984539487742,2006
1995-2008,yob::2007:treat,-0.04841394154405666,0.24929730031425107,-0.19420162786772496,0.8461400885065302,2007
1995-2008,yob::2008:treat,-0.03977597510168279,0.2400184233841515,-0.16572050820457648,0.8684805835067346,2008
1995-2008,yob::2010:treat,-0.4896978991676321,0.19917391034388385,-2.45864480102913,0.014470516838048385,2010
1995-2008,yob::2011:treat,-0.1747177375958688,0.16253112253280472,-1.0749801937816825,0.28318593893023514,2011
1995-2008,yob::2012:treat,0.352685308766372,0.30591760767950127,1.1528767874514354,0.24981342709235016,2012
1995-2008,yob::2013:treat,0.17897981744884212,0.47050478134564344,0.38039957200213764,0.7038988662877417,2013
1995-2008,yob::2014:treat,0.014397357549846617,0.2864257028496863,0.05026559211203969,0.9599418115599865,2014
1995-2008,yob::2015:treat,0.017027900034759708,0.4283308030342873,0.03975408706106212,0.9683137407528992,2015
1995-2008,yob::2016:treat,-0.3676045268464362,0.20939404557606348,-1.7555634203213382,0.08011086900546312,2016
1995-2008,yob::2017:treat,-0.5158632347722412,0.5007401345999886,-1.030201494003139,0.30368622480338775,2017
1995-2008,yob::2018:treat,-0.7471622720153825,0.45707348010862375,-1.6346655505758485,0.10309335563531545,2018
1996-2003,yob::2005:treat,-0.9080982951397616,0.33909731492135725,-2.6779872773406237,0.008267524870374096,2005
1996-2003,yob::2006:treat,-0.49543992508472606,0.2673719778677507,-1.8529986913205387,0.0659292814113794,2006
1996-2003,yob::2007:treat,-0.15607594006704675,0.21368625462245475,-0.7303976586739513,0.4663337883659381,2007
1996-2003,yob::2008:treat,-0.22601163893078038,0.2403072400558203,-0.9405111509677393,0.3485304607517027,2008
1996-2003,yob::2010:treat,-0.8823674589401798,0.43393259951428637,-2.0334205356496375,0.043846792690811306,2010
1996-2003,yob::2011:treat,-0.5346190499082449,0.2742155658018072,-1.9496305701866963,0.05316317727816734,2011
1996-2003,yob::2012:treat,0.33421770296070635,0.36035993262748334,0.9274552265670415,0.35524212844419967,2012
1996-2003,yob::2013:treat,-0.1530498998603067,0.5033014646249769,-0.3040919024035588,0.7614968557023989,2013
1996-2003,yob::2014:treat,1.5809273432317144,0.6412023861994587,2.4655668432586517,0.01485453417242017,2014
1996-2003,yob::2015:treat,0.8610508198677924,0.4736498554141942,1.8179058011425473,0.07115706176656117,2015
1996-2004,yob::2005:treat,-0.20127963340610436,0.30829246208216854,-0.6528853545321446,0.5145616965273812,2005
1996-2004,yob::2006:treat,-0.08243616583914685,0.27512847513171906,-0.29962789493046893,0.7647645790608326,2006
1996-2004,yob::2007:treat,0.10862561025681966,0.27125777689193115,0.40045159811250686,0.6892409342643708,2007
1996-2004,yob::2008:treat,0.08148031463227348,0.2694334136647889,0.3024135482084114,0.7626434392850463,2008
1996-2004,yob::2010:treat,-0.8635603509606311,0.2919917467164419,-2.9574820544474125,0.0034657654846016396,2010
1996-2004,yob::2011:treat,-0.18330187058005826,0.1960819581575683,-0.9348227256724958,0.35097951036864017,2011
1996-2004,yob::2012:treat,0.14889488035132917,0.6797220861650747,0.21905258543440817,0.826827023497487,2012
1996-2004,yob::2013:treat,-0.14348610326546604,0.39317747861199825,-0.36493978183084924,0.7155325678383035,2013
1996-2004,yob::2014:treat,-0.47873114227311253,0.26607483380084135,-1.7992349574535325,0.07345221623267831,2014
1996-2004,yob::2015:treat,-0.3546752238442981,0.391235763689328,-0.906551130448131,0.3657085405552034,2015
1996-2004,yob::2016:treat,-0.15822347374922574,0.23788869187250494,-0.6651155736062675,0.5067241466631844,2016
1996-2004,yob::2017:treat,0.029935967995301155,0.4771596830061569,0.0627378403110283,0.9500363924813906,2017
1996-2004,yob::2018:treat,1.1232735958921012,0.2686987032906604,4.180420605443035,4.3088600159500674e-5,2018
1996-2005,yob::2005:treat,-0.26416892061738184,0.2882607451679655,-0.9164234986746264,0.3604437407626806,2005
1996-2005,yob::2006:treat,-0.057298899319225174,0.27567785996091054,-0.20784730165617873,0.8355396074900051,2006
1996-2005,yob::2007:treat,0.11419485275848719,0.27574089418005915,0.4141382550385066,0.6791745118619619,2007
1996-2005,yob::2008:treat,-0.020344346483185696,0.26857926657913206,-0.07574801563169657,0.939688099870023,2008
1996-2005,yob::2010:treat,-0.6502491965405007,0.2890458721106665,-2.2496401411729585,0.025457153427600607,2010
1996-2005,yob::2011:treat,0.05603293934621129,0.2410027278057407,0.23249919142565234,0.8163654832158982,2011
1996-2005,yob::2012:treat,1.0643836638066348,0.5518587826234395,1.9287246979140975,0.05504598152000737,2012
1996-2005,yob::2013:treat,0.918980691659881,0.3912535842284314,2.348810921367404,0.01971576539097757,2013
1996-2005,yob::2014:treat,0.7220968428366884,0.5896052622717005,1.2247123440766263,0.2219874359716559,2014
1996-2005,yob::2015:treat,0.4312696745021777,0.7873548871951691,0.5477449642035114,0.5844198089763757,2015
1996-2005,yob::2016:treat,0.6198357501132264,0.32601304136797205,1.9012605983869697,0.05856879253467889,2016
1996-2005,yob::2017:treat,2.4607649199777075,0.5523359481919804,4.455196023421595,1.3315258393903657e-5,2017
1996-2005,yob::2018:treat,3.5256815751702018,0.457140193236325,7.712473388546589,4.1769054883652344e-13,2018
1996-2006,yob::2005:treat,-0.14607691610730653,0.3131247428215063,-0.4665134884935498,0.6412558823119263,2005
1996-2006,yob::2006:treat,-0.0920469435735143,0.3083889515110358,-0.29847678758433205,0.76558821845495,2006
1996-2006,yob::2007:treat,0.2978018016800546,0.2600849574188663,1.1450173998354138,0.25330132039200653,2007
1996-2006,yob::2008:treat,0.12414266811734152,0.2763984478996208,0.44914386842876275,0.6537185453778936,2008
1996-2006,yob::2010:treat,-0.4392727308242702,0.27262981176602297,-1.6112424682347797,0.10839371726042128,2010
1996-2006,yob::2011:treat,-0.04533244341678387,0.23795080342057912,-0.19051183171110617,0.8490633040899942,2011
1996-2006,yob::2012:treat,0.40747393738303583,0.35281027008228877,1.1549378573588502,0.24922301332284436,2012
1996-2006,yob::2013:treat,0.956938292855711,0.45438720884778716,2.105997427353354,0.03620587243736873,2013
1996-2006,yob::2014:treat,0.7009478383733209,0.33279151987252276,2.1062671267639934,0.03618222366863105,2014
1996-2006,yob::2015:treat,0.8028346849640544,0.588939349459114,1.3631873735408975,0.1740548179019355,2015
1996-2006,yob::2016:treat,0.9606250163801534,0.2870104476161204,3.3470036521632127,9.432131749962323e-4,2016
1996-2006,yob::2017:treat,2.6414092269076117,0.44153147172184415,5.982380410182054,7.6065703902189e-9,2017
1996-2006,yob::2018:treat,1.940131136381517,1.0085271101127251,1.9237273018517713,0.05552879572747222,2018
1996-2007,yob::2005:treat,-0.166436137632949,0.2961864375902728,-0.5619303131738501,0.5745916367906434,2005
1996-2007,yob::2006:treat,-0.14487919062381605,0.2767204866643999,-0.5235578773736479,0.6009804958715306,2006
1996-2007,yob::2007:treat,0.13875387140196088,0.25685672456296876,0.5401994891823251,0.5894684264770671,2007
1996-2007,yob::2008:treat,0.20259941871238965,0.26796963958454745,0.7560536299055896,0.45022239601366165,2008
1996-2007,yob::2010:treat,-0.3329496470168127,0.2633154312071231,-1.2644517090793495,0.20706941049379798,2010
1996-2007,yob::2011:treat,-0.10566599804350009,0.23451664387544413,-0.45056929136177276,0.6526320975894864,2011
1996-2007,yob::2012:treat,0.9029302242688337,0.35629663379313736,2.5342092476603835,0.011789182772704151,2012
1996-2007,yob::2013:treat,1.0420667477048453,0.38904186806057506,2.6785465351060678,0.00781037288722279,2013
1996-2007,yob::2014:treat,0.7839235642440744,0.3359124544629047,2.333713900240767,0.020284589416162006,2014
1996-2007,yob::2015:treat,0.5791356348222875,0.6283218725239438,0.9217180877309313,0.3574313812055444,2015
1996-2007,yob::2016:treat,0.8999147910020951,0.2488669359280578,3.616048020385647,3.519008833456164e-4,2016
1996-2007,yob::2017:treat,2.6541927797785103,0.43693554074228647,6.074563710860975,3.839766306243005e-9,2017
1996-2007,yob::2018:treat,1.9191843650824747,1.0185874123668943,1.8841626568139702,0.06052952255605216,2018
1996-2008,yob::2005:treat,-0.16653244769299316,0.2906660438344271,-0.5729339605552807,0.5670669988832489,2005
1996-2008,yob::2006:treat,-0.12700569217950314,0.26929804346760156,-0.4716175823044285,0.63750138474544,2006
1996-2008,yob::2007:treat,0.20133047586470665,0.24640185876868217,0.8170818064067943,0.4144521636133608,2007
1996-2008,yob::2008:treat,0.19786762184837955,0.2624695164996032,0.7538689615739764,0.4514481345878927,2008
1996-2008,yob::2010:treat,-0.4069762047497158,0.23090805840029788,-1.7625032559244402,0.07888011649636432,2010
1996-2008,yob::2011:treat,0.002117072845856764,0.217733074055743,0.009723248776227544,0.9922477780429664,2011
1996-2008,yob::2012:treat,0.7045434639703501,0.2755601455154262,2.5567683695787164,0.010997489861913099,2012
1996-2008,yob::2013:treat,0.9873690841561724,0.32301935522269365,3.0566870628401435,0.002414672324078006,2013
1996-2008,yob::2014:treat,0.39512413490687276,0.238172695536101,1.6589816646173108,0.09803890822726742,2014
1996-2008,yob::2015:treat,0.5033407229963864,0.29974184307285395,1.679247441185736,0.09401980462250832,2015
1996-2008,yob::2016:treat,-0.1621187622642116,0.21949101373703161,-0.7386122989911709,0.4606505062927969,2016
1996-2008,yob::2017:treat,-0.4408660390172742,0.5521012636781024,-0.79852387237845035,0.4251223247275122,2017
1996-2008,yob::2018:treat,-0.5302238920456664,0.4200109406401052,-1.2624049536366706,0.20766576487273442,2018
1997-2003,yob::2005:treat,-0.4590484184725493,0.3043739746866836,-1.5081723690242717,0.13377997073140138,2005
1997-2003,yob::2006:treat,-0.4028258549930443,0.29433792525214636,-1.368582912473685,0.17333754986936228,2006
1997-2003,yob::2007:treat,-0.10712867369075038,0.2840327586149225,-0.3771701342238136,0.7066223938791162,2007
1997-2003,yob::2008:treat,-0.10401695196087943,0.2795348248016348,-0.37210731090372223,0.7103796434065495,2008
1997-2003,yob::2010:treat,-1.5812462796470639,0.3410512389399119,-4.636389196421174,8.08905921621674e-6,2010
1997-2003,yob::2011:treat,-0.4928832538447973,0.2572842157634984,-1.9157150872320399,0.057454743790843726,2011
1997-2003,yob::2012:treat,-0.055767025034740736,0.70643016230484,-0.07894202146294547,0.937192272314141,2012
1997-2003,yob::2013:treat,-0.45134061087638516,0.5430674292477643,-0.831094973789101,0.40734532227521003,2013
1997-2003,yob::2014:treat,-0.8299369698743734,0.3191542632511594,-2.600425767213556,0.010317380173354164,2014
1997-2003,yob::2015:treat,-0.7809420781269627,0.42894349317097624,-1.8206176117833786,0.07081594067451799,2015
1997-2003,yob::2016:treat,-0.4499089116749781,0.23988721422027298,-1.8755018400516157,0.06282126802783836,2016
1997-2003,yob::2017:treat,-0.14073556640572216,0.456147913672521,-0.30853054938394264,0.7581405699435398,2017
1997-2003,yob::2018:treat,0.9513488152299456,0.2660656623701043,3.575616660772236,4.8118489253433464e-4,2018
1997-2004,yob::2005:treat,0.2392894906964445,0.33098585951959647,0.7229598601093019,0.4707280901205815,2005
1997-2004,yob::2006:treat,0.08974265963593592,0.29994066037914274,0.2992013804413709,0.7651629275158924,2006
1997-2004,yob::2007:treat,0.3631105730754892,0.28199524056281994,1.2876478778534535,0.19967166275231674,2007
1997-2004,yob::2008:treat,0.29440729918941594,0.2943987742683116,1.0000289570536613,0.31876080194992523,2008
1997-2004,yob::2010:treat,-0.7040637609851247,0.3460596889875996,-2.034515383877472,0.043500589007102713,2010
1997-2004,yob::2011:treat,-0.0147479288499172,0.23275013442641984,-0.06336378230784445,0.9495535228649601,2011
1997-2004,yob::2012:treat,1.3135531773481133,0.548438543521489,2.3950781593756556,0.017737178373882678,2012
1997-2004,yob::2013:treat,0.6127936215166236,0.3442207025457478,1.7802346488302276,0.07687788856510824,2013
1997-2004,yob::2014:treat,0.4462085642999976,0.6581016390033109,0.6780237851645173,0.4987063293162939,2014
1997-2004,yob::2015:treat,-0.550318066256262,0.463257425879434,-1.187931451312528,0.23656757767618194,2015
1997-2004,yob::2016:treat,0.5236883735127694,0.2524350311881086,2.074547146043804,0.039581180770913896,2016
1997-2004,yob::2017:treat,0.8098602533317412,0.38382535863430883,2.109970680971444,0.036369140611008745,2017
1997-2005,yob::2005:treat,0.04955399216978032,0.2984985966624681,0.16601080448567154,0.8683307186922687,2005
1997-2005,yob::2006:treat,-0.1181412254275513,0.29285221915024745,-0.4034158449280492,0.6871107366319138,2006
1997-2005,yob::2007:treat,0.2825283676929798,0.26700886613442515,1.05812354392285,0.29138626932978257,2007
1997-2005,yob::2008:treat,0.3259623523346636,0.27981669907437984,1.1649138647297725,0.2455618974352215,2008
1997-2005,yob::2010:treat,-0.47343431428225125,0.2820122396821692,-1.6787722221411976,0.09489387338577814,2010
1997-2005,yob::2011:treat,-0.04562750172844566,0.2592868818353767,-0.17597304347010861,0.860508639772551,2011
1997-2005,yob::2012:treat,1.2495804019642105,0.5623129922462139,2.2222150638430747,0.02748728797488817,2012
1997-2005,yob::2013:treat,1.0808123292021423,0.4636935722787436,2.3308762377073142,0.02084357716109096,2013
1997-2005,yob::2014:treat,1.6016716176721983,0.34971427465383653,4.579943496037179,8.55076459136219e-6,2014
1997-2005,yob::2015:treat,1.361287921774634,0.4151669955241262,3.2788924371410606,0.0012462123508350897,2015
1997-2005,yob::2016:treat,1.7574965372825495,0.2684623710674932,6.546528402822991,5.692857548857473e-10,2016
1997-2005,yob::2017:treat,2.775102660149736,0.44560940334120497,6.2276573145491465,3.133774053503604e-9,2017
1997-2005,yob::2018:treat,3.581474870803909,0.4603341319317597,7.780163629784528,5.032863566412103e-13,2018
1997-2006,yob::2005:treat,-0.026447911575251806,0.29348338045702027,-0.09011723775999309,0.9282803546388306,2005
1997-2006,yob::2006:treat,-0.11596430218870378,0.2952887459881708,-0.39271494008562485,0.6949302708241482,2006
1997-2006,yob::2007:treat,0.2876139732324575,0.2650431623303512,1.0851590009101006,0.2791013486933591,2007
1997-2006,yob::2008:treat,0.33227655228535574,0.2771069067023224,1.1990915572606007,0.23185006386808613,2008
1997-2006,yob::2010:treat,-0.46618931964188387,0.27829783946380604,-1.6751453066976254,0.09540123877440274,2010
1997-2006,yob::2011:treat,-0.031756752713556324,0.24131566395653067,-0.1315983893995245,0.8954285543811031,2011
1997-2006,yob::2012:treat,1.04962974310347,0.5376267561868061,1.9523391107766244,0.0522334569361357,2012
1997-2006,yob::2013:treat,1.004454374916907,0.4724010803498365,2.1262745084601806,0.03465345963600487,2013
1997-2006,yob::2014:treat,0.7525335787306904,0.33759610694018843,2.2290943623470634,0.02687218326432204,2014
1997-2006,yob::2015:treat,0.8850435338092968,0.598765686805124,1.4781133142944205,0.14088288152690662,2015
1997-2006,yob::2016:treat,1.0600891635457743,0.29142589976764804,3.6375942028178567,3.466933876658898e-4,2016
1997-2006,yob::2017:treat,2.747199734031714,0.44489014358867485,6.175006962104446,3.3961226760411967e-9,2017
1997-2006,yob::2018:treat,2.047615290536624,1.0261516113042475,1.9954315405050989,0.04729442851637882,2018
1997-2007,yob::2005:treat,-0.05558149636322893,0.29043786047720754,-0.19137138757290478,0.8484027363802156,2005
1997-2007,yob::2006:treat,-0.08397111660883713,0.31317891758900185,-0.2681250617228202,0.788842329608578,2006
1997-2007,yob::2007:treat,0.12006249797514504,0.26916183738739197,0.44606062709530675,0.6559712693964224,2007
1997-2007,yob::2008:treat,0.37488755205821195,0.2773603554482707,1.3516263038108582,0.17781695302038097,2008
1997-2007,yob::2010:treat,-0.3923501831704763,0.28903884994878715,-1.3574306126667548,0.17596910296267063,2010
1997-2007,yob::2011:treat,-0.021211052481951313,0.2548163435285088,-0.08324054959833542,0.9337323581606305,2011
1997-2007,yob::2012:treat,1.1884216227306925,0.38532477441886387,3.0842076648796772,0.0022895234571055885,2012
1997-2007,yob::2013:treat,1.1898702676064676,0.42470494748008963,2.801639761124396,0.005515557104472261,2013
1997-2007,yob::2014:treat,0.7574753491172493,0.3431462229858067,2.2074418961288704,0.028267000411344802,2014
1997-2007,yob::2015:treat,0.9729425475687471,0.6145814732072339,1.583097750232174,0.1147672979599912,2015
1997-2007,yob::2016:treat,1.060195732748079,0.29259677356832864,3.623401993872284,3.575311269613017e-4,2016
1997-2007,yob::2017:treat,2.7611623503318596,0.44860884715355936,6.154944040563494,3.289027819729436e-9,2017
1997-2007,yob::2018:treat,2.0110523220349195,1.0420012709934572,1.9299902773799467,0.05483254337380926,2018
1997-2008,yob::2005:treat,-0.23926602507707628,0.29498860989102504,-0.811102588555762,0.4181004756169331,2005
1997-2008,yob::2006:treat,-0.01456672088651561,0.2835793941407873,-0.05136734610302376,0.959075003949966,2006
1997-2008,yob::2007:treat,0.2241668089949902,0.25808833110731194,0.868566230922632,0.38594144415048093,2007
1997-2008,yob::2008:treat,0.46816845494081794,0.29951336815337876,1.563097025776399,0.11933112096469828,2008
1997-2008,yob::2010:treat,-0.4811605156009626,0.24589709052749886,-1.9567556271966304,0.05152141833817806,2010
1997-2008,yob::2011:treat,-0.04739672776268835,0.24113660069918302,-0.1965555109645739,0.8443396747929188,2011
1997-2008,yob::2012:treat,0.7445852067849632,0.295354861973263,2.520985101820896,0.012343768418833424,2012
1997-2008,yob::2013:treat,0.9631029773378124,0.3481292277728452,2.766509963840894,0.006101526077406203,2013
1997-2008,yob::2014:treat,0.3057228637515215,0.2534705412884932,1.2061475159890716,0.22893363129820773,2014
1997-2008,yob::2015:treat,0.503911004600854,0.31516280841309724,1.59889108470044,0.11114420208844346,2015
1997-2008,yob::2016:treat,-0.19201580699250936,0.24200376716068822,-0.7934413965755032,0.4282947644374019,2016
1997-2008,yob::2017:treat,-0.45663310585738653,0.559623118543921,-0.8159654073003572,0.4153190353706929,2017
1997-2008,yob::2018:treat,-0.547120161328639,0.4290354652500178,-1.2752329484225928,0.20344464198154882,2018
1998-2003,yob::2005:treat,-0.4594729289061845,0.5930942335609829,-0.7747047651221866,0.44136695641434065,2005
1998-2003,yob::2006:treat,-0.7867552404947292,0.42908948010800324,-1.8335458615687812,0.07137213593463382,2006
1998-2003,yob::2007:treat,-0.11926054510841318,0.4054038329667169,-0.2941771522870735,0.7695745453400595,2007
1998-2003,yob::2008:treat,-0.053713019305074966,0.2538817675451011,-0.21156706062215774,0.8331170926430019,2008
1998-2003,yob::2010:treat,-0.9943875164669653,0.7458118945119157,-1.3332953306111133,0.18716135335566897,2010
1998-2003,yob::2011:treat,-0.7319162663098243,0.3345932833032179,-2.1874804511438475,0.03236723505997939,2011
1998-2003,yob::2012:treat,-0.40806292607753913,0.5306399554978414,-0.7690015081783624,0.4447211315275289,2012
1998-2003,yob::2013:treat,-0.6571880273398826,0.49024077196551114,-1.340541352170758,0.1848086600963615,2013
1998-2003,yob::2014:treat,1.1800910489780505,0.8695514232556922,1.357126234765582,0.1795081555954443,2014
1998-2003,yob::2015:treat,0.49050010109478076,0.5804928744004254,0.8449717864347678,0.4012743892263685,2015
1998-2004,yob::2005:treat,-0.08840902672097027,0.35868299683940386,-0.24648234652883305,0.8059324472897552,2005
1998-2004,yob::2006:treat,-0.26542540770426803,0.35341548325971084,-0.7510293698966708,0.4548113903049462,2006
1998-2004,yob::2007:treat,0.596844917995596,0.32607840986056047,1.8303723888092507,0.07087244616954112,2007
1998-2004,yob::2008:treat,0.6819151691893479,0.3192612880106966,2.135915611436426,0.03570576661597895,2008
1998-2004,yob::2010:treat,-0.1132021199470305,0.31424982942330754,-0.36022969417285683,0.7196129997822118,2010
1998-2004,yob::2011:treat,0.04811501486395875,0.2393009032960511,0.20106491116932082,0.8411518571422703,2011
1998-2004,yob::2012:treat,1.5674940648682092,0.537583764100726,2.9158136267197814,0.004587204542841555,2012
1998-2004,yob::2013:treat,0.06668342598642611,0.5457392441732553,0.12218917129085222,0.9030518476267183,2013
1998-2004,yob::2014:treat,2.0125212010736595,0.43532152851704936,4.623068397121185,1.4115524857506472e-5,2014
1998-2004,yob::2015:treat,1.358982719542094,0.40064752359732114,3.391965854025762,0.001075528658126057,2015
1998-2005,yob::2005:treat,-0.33370284623791663,0.34026824882021367,-0.9807052153556473,0.3285738189227232,2005
1998-2005,yob::2006:treat,-0.4143614176076551,0.35144667323241074,-1.1790164743817022,0.24056163773297665,2006
1998-2005,yob::2007:treat,0.029836504851065718,0.2892861687038127,0.10313837327499054,0.9180133150802113,2007
1998-2005,yob::2008:treat,0.4001259698578939,0.25998648740364644,1.5390260234435627,0.12624729421172884,2008
1998-2005,yob::2010:treat,-0.2380517015940949,0.34082008976741274,-0.6984673402220788,0.486142223207936,2010
1998-2005,yob::2011:treat,-0.03514576496046362,0.27088840817104876,-0.12974259473765046,0.8969721681748366,2011
1998-2005,yob::2012:treat,1.318862294678785,0.5651160993398505,2.3337899879678443,0.02115271757700552,2012
1998-2005,yob::2013:treat,1.0738024639454455,0.43568297663292826,2.4646417728874126,0.015030387322222451,2013
1998-2005,yob::2014:treat,1.4694126131646725,0.36273501130927976,4.050925792525176,8.754536344992162e-5,2014
1998-2005,yob::2015:treat,1.5134545933442134,0.38556658622465323,3.9252742520130823,1.4022458212548805e-4,2015
1998-2005,yob::2016:treat,1.764676801415395,0.2546576897904096,6.929603433015408,1.80426043734517e-10,2016
1998-2005,yob::2017:treat,3.0517728103727495,0.306925789621719,9.943031552135157,1.2186122002512075e-17,2017
1998-2005,yob::2018:treat,3.7121582221627665,0.4328897577232873,8.575296957096546,2.6536951245033465e-14,2018
1998-2006,yob::2005:treat,-0.1591347129341616,0.3508974522082358,-0.4535077468722259,0.6508754541420448,2005
1998-2006,yob::2006:treat,-0.21208843633690888,0.3737085017268446,-0.5675237126179459,0.5712545847480159,2006
1998-2006,yob::2007:treat,0.3075658110551446,0.29178628743626905,1.0540790444867016,0.29363696622253316,2007
1998-2006,yob::2008:treat,0.45675636354865223,0.28157713695175673,1.6221358328070128,0.10699247099355808,2008
1998-2006,yob::2010:treat,-0.27896849958400205,0.3556729363694043,-0.7843399681505806,0.4341471167843095,2010
1998-2006,yob::2011:treat,0.06066439663084071,0.25625391826610033,0.23673548892955976,0.8132031669864301,2011
1998-2006,yob::2012:treat,1.1217709077562346,0.5587272650304405,2.007725375089971,0.04656964498553586,2012
1998-2006,yob::2013:treat,1.0987069077260003,0.4750978720234301,2.3125906732577746,0.02218230945454395,2013
1998-2006,yob::2014:treat,0.7243748575757364,0.365198904419665,1.9835077510071815,0.04923927125294975,2014
1998-2006,yob::2015:treat,1.2999480214150556,0.5238991105993479,2.4812945758352156,0.014257500827818037,2015
1998-2006,yob::2016:treat,1.1300521691664671,0.3102620824390785,3.6422503203831185,3.779539669661105e-4,2016
1998-2006,yob::2017:treat,3.0942383791062715,0.31917369996469747,9.694528024860798,2.2820670105955008e-17,2017
1998-2006,yob::2018:treat,2.178970927087039,1.0713882689875176,2.0337827005948164,0.04383571995567187,2018
1998-2007,yob::2005:treat,0.06595028157563014,0.3873871791041687,0.1702438416473666,0.864988762168619,2005
1998-2007,yob::2006:treat,0.06805784946127034,0.3053744604646303,0.2228668676408618,0.8238643197489607,2006
1998-2007,yob::2007:treat,0.23214559827762382,0.2745046079469965,0.845689258238056,0.3987267529863223,2007
1998-2007,yob::2008:treat,0.2695371806661396,0.29443133064436966,0.9154500646254301,0.36104693554430933,2008
1998-2007,yob::2010:treat,-0.3843182477849016,0.30820708847080236,-1.2469481143075967,0.2138604101558735,2010
1998-2007,yob::2011:treat,0.05375922120360581,0.2499604451840671,0.21507091317595603,0.8299290134516976,2011
1998-2007,yob::2012:treat,1.0528322079872616,0.39899832551755504,2.6386882867781343,0.008971499587463258,2012
1998-2007,yob::2013:treat,1.0099385369528344,0.4439869686084777,2.2747031069811228,0.02397402556607653,2013
1998-2007,yob::2014:treat,0.5838063442222555,0.3598643538487883,1.6222955621427446,0.10629977029880382,2014
1998-2007,yob::2015:treat,1.13753558339704,0.5158176117179051,2.2053058242981156,0.028560784790449486,2015
1998-2007,yob::2016:treat,1.0233383759672319,0.31000131889558763,3.3010774909377245,0.001138719522554404,2016
1998-2007,yob::2017:treat,2.9752839825918533,0.31986696426091066,9.301629474199027,2.3339514285277323e-17,2017
1998-2007,yob::2018:treat,2.0306230267661247,1.0702575421886003,1.897321856395093,0.05921191720063057,2018
1998-2008,yob::2005:treat,-0.10871659095814193,0.37010845594561015,-0.2937425211763293,0.7691935977829594,2005
1998-2008,yob::2006:treat,-0.06696094829560711,0.29890312351331155,-0.2240222434230435,0.8229193767880606,2006
1998-2008,yob::2007:treat,0.18844721605337722,0.2642836833094967,0.7130489998230081,0.4764674444912921,2007
1998-2008,yob::2008:treat,0.3427621457098778,0.27658280586264494,1.2392749601365258,0.2163830735231539,2008
1998-2008,yob::2010:treat,-0.39330535190325344,0.27435840687206003,-1.4335458365839733,0.15292689208871854,2010
1998-2008,yob::2011:treat,-0.014488216666061798,0.24410458707454855,-0.05935249656589679,0.9527178350429288,2011
1998-2008,yob::2012:treat,0.7046025393571351,0.3011902536499592,2.3393935587836725,0.02008750956831541,2012
1998-2008,yob::2013:treat,0.8949780825089488,0.3565596545259496,2.5100374401552332,0.012691949349274857,2013
1998-2008,yob::2014:treat,0.23446961672833613,0.2661394529379349,0.8810028507235854,0.3791458803980676,2014
1998-2008,yob::2015:treat,0.47564696187013045,0.33563264015247735,1.41716539146504,0.15765519434357955,2015
1998-2008,yob::2016:treat,-0.1872034819873548,0.2450800055269832,-0.7638464083792579,0.44566494898118914,2016
1998-2008,yob::2017:treat,-0.2821896628037754,0.5094717458276481,-0.5538867760867721,0.5801417024769129,2017
1998-2008,yob::2018:treat,-0.5462048480897963,0.4361879981242351,-1.2522234688681788,0.21163573028129976,2018
1999-2003,yob::2006:treat,-1.0539440461593141,0.4116464785491012,-2.560313524056054,0.013132364997852813,2006
1999-2003,yob::2007:treat,-0.6026528163540794,0.28788782318835116,-2.093359870798678,0.040777711726735395,2007
1999-2003,yob::2008:treat,-0.18933449532552737,0.23847979538674946,-0.7939225837496139,0.4305333882677864,2008
1999-2003,yob::2010:treat,-0.790203709034851,0.7763314729734468,-1.0178689600310442,0.3130412773718826,2010
1999-2003,yob::2011:treat,-1.0395946790608226,0.5782641384616487,-1.7977851468127484,0.07750809637517592,2011
1999-2003,yob::2012:treat,0.8377685430133728,0.5428908372015394,1.5431620605937115,0.1283255709091524,2012
1999-2003,yob::2013:treat,-1.9770795252038529,0.3853118452165231,-5.131115354351091,3.609090688991007e-6,2013
1999-2003,yob::2014:treat,0.3111497931849997,0.27581256962178025,1.1281204247205887,0.2639951815215981,2014
1999-2004,yob::2005:treat,-2.55155557138436,0.44019333740688976,-5.796442959394105,2.451495260413897e-7,2005
1999-2004,yob::2006:treat,0.6411237235151205,0.3738979799090473,1.7147022930454916,0.09139475763545338,2006
1999-2004,yob::2007:treat,0.28249143377095326,0.35055580472626363,0.8058386994662394,0.4234158713206748,2007
1999-2004,yob::2008:treat,1.0151394116914427,0.42478017821624287,2.389799392133278,0.019911261084423832,2008
1999-2004,yob::2010:treat,-0.3275423873581126,0.3184225815435991,-1.0286405749564114,0.307644958630031,2010
1999-2004,yob::2011:treat,0.7267512814705654,0.3747407358094189,1.9393442239494556,0.05701309875740365,2011
1999-2004,yob::2012:treat,1.8615489522516162,0.5950406672036193,3.1284398778993125,0.0026772840515018018,2012
1999-2004,yob::2013:treat,-0.7577446795933074,0.9417243258711614,-0.8046353468594327,0.4241049266828224,2013
1999-2004,yob::2014:treat,1.5208013299795746,0.4170725352945311,3.646371317415099,5.461856233504351e-4,2014
1999-2005,yob::2005:treat,-0.543006574706363,0.2766094900101953,-1.9630800616650892,0.05366903929190258,2005
1999-2005,yob::2006:treat,-0.10906345601851469,0.3617478347387035,-0.301490280093295,0.7639474200957533,2006
1999-2005,yob::2007:treat,0.7491584183006904,0.3629977507613333,2.0638100834769446,0.04279881844944182,2007
1999-2005,yob::2008:treat,1.2706763749978578,0.3611071756011949,3.5188344648160275,7.720036903342431e-4,2008
1999-2005,yob::2010:treat,0.028023592243286533,0.3883812322183103,0.07215485692556428,0.9426874157880785,2010
1999-2005,yob::2011:treat,0.21524506368449114,0.6170811443776214,0.3488116038638387,0.7282929022558946,2011
1999-2005,yob::2012:treat,2.3313116587220777,0.3685329764953965,6.325924157159377,2.1640980970637493e-8,2012
1999-2005,yob::2013:treat,1.6666483947197435,0.43320572754562053,3.8472445970701763,2.633828789912449e-4,2013
1999-2005,yob::2014:treat,1.8790508024596693,0.40916901778379633,4.5923584650599185,1.9146167510999588e-5,2014
1999-2005,yob::2015:treat,2.064094729245663,0.4194372360344298,4.921105118755432,5.627377720275165e-6,2015
1999-2005,yob::2016:treat,2.246806222895438,0.2667145435829912,8.424010902113853,3.352765181732206e-12,2016
1999-2005,yob::2017:treat,3.516394983246332,0.31376755111982524,11.207006494764814,3.4499909452193624e-17,2017
1999-2005,yob::2018:treat,4.178945800735031,0.4376852271694727,9.547833788589198,3.0330010878007615e-14,2018
1999-2006,yob::2005:treat,-1.1462356505001436,0.37958824050848156,-3.0196816660197143,0.003226359034469934,2005
1999-2006,yob::2006:treat,-0.4890744742467135,0.47167326334340826,-1.0368925106756286,0.30233768498915886,2006
1999-2006,yob::2007:treat,0.23243216049317256,0.4186858582012153,0.5551469101243647,0.5800591524219418,2007
1999-2006,yob::2008:treat,0.37968862543602355,0.4066880840060527,0.9336113851577039,0.3527990049993437,2008
1999-2006,yob::2010:treat,-0.5019142292003373,0.43290359478584545,-1.1594134011491195,0.24910483830127486,2010
1999-2006,yob::2011:treat,-0.2830130033849746,0.4185298638610391,-0.6762074294391117,0.5005017283467597,2011
1999-2006,yob::2012:treat,0.9583930795086467,0.7555545632938289,1.2684630946182713,0.20763754276055535,2012
1999-2006,yob::2013:treat,0.9428127968633893,0.5641986011463035,1.6710654633808752,0.09789932794757303,2013
1999-2006,yob::2014:treat,0.4221279763424333,0.48004766629048823,0.8793459607967216,0.38136484049226005,2014
1999-2006,yob::2015:treat,1.0634106925923348,0.6439260256469054,1.6514485363811842,0.10184799190617913,2015
1999-2006,yob::2016:treat,0.861578839989777,0.4168113861912449,2.067071266605131,0.041363712598872726,2016
1999-2006,yob::2017:treat,2.8593993378606886,0.3945240114674785,7.247719415669572,9.833169878291563e-11,2017
1999-2006,yob::2018:treat,1.9349673188382048,1.0999004761775457,1.7592203665214732,0.08166110052079521,2018
1999-2007,yob::2005:treat,-2.0333688371412757,0.44340291793104547,-4.585826468236029,9.646519550187122e-6,2005
1999-2007,yob::2006:treat,0.32473937748962484,0.35805021107248813,0.9069660272421416,0.3659192424902036,2006
1999-2007,yob::2007:treat,0.4749168618709857,0.3432074053929594,1.3837605319944188,0.16854368119212784,2007
1999-2007,yob::2008:treat,0.6326457588277481,0.3781855330459986,1.67284494922972,0.09649928465721654,2008
1999-2007,yob::2010:treat,-0.1491746903090328,0.3630661030308869,-0.4108747389627342,0.681766800117567,2010
1999-2007,yob::2011:treat,0.4861446239639422,0.3100205651316374,1.5681044377089017,0.11902157215834308,2011
1999-2007,yob::2012:treat,1.2248968521508148,0.4857666832072269,2.5215744399421416,0.012756459670711786,2012
1999-2007,yob::2013:treat,1.2861691330999474,0.4903242283791983,2.6230992854492854,0.009638381929999032,2013
1999-2007,yob::2014:treat,0.6740774909396184,0.391474634570292,1.7218931481461874,0.08720672805857047,2014
1999-2007,yob::2015:treat,1.4041237154137103,0.5890652275705883,2.3836472595820513,0.01842787685853979,2015
1999-2007,yob::2016:treat,1.1771558904955108,0.3404681933208664,3.457462146504027,7.146270611714921e-4,2016
1999-2007,yob::2017:treat,3.163603831313358,0.3470355072548715,9.116081107487162,5.619985968556511e-16,2017
1999-2007,yob::2018:treat,2.211773269309303,1.0922047583170065,2.0250536838142468,0.04468438100696992,2018
1999-2008,yob::2005:treat,0.6450579602980318,0.45830422201634186,1.4074885835876738,0.16099756122833378,2005
1999-2008,yob::2006:treat,0.11239220618022447,0.3497674228696307,0.32133411756336316,0.7483279579954907,2006
1999-2008,yob::2007:treat,0.290599088128082,0.29166695044883384,0.9963387613196882,0.32041569100242273,2007
1999-2008,yob::2008:treat,0.4595914552471786,0.33387065576223823,1.3765554034628034,0.17035018496215779,2008
1999-2008,yob::2010:treat,-0.3050467834139454,0.3082135889544523,-0.9897252890398196,0.32362964367282143,2010
1999-2008,yob::2011:treat,0.28166078758844876,0.27987056961429313,1.0063965924556584,0.31556834293716424,2011
1999-2008,yob::2012:treat,0.7703496261233358,0.3261292553251993,2.362099117281529,0.019233919331597554,2012
1999-2008,yob::2013:treat,1.0024696356350566,0.3691274393467565,2.715781946227361,0.007252728363843609,2013
1999-2008,yob::2014:treat,0.27680750512753133,0.28730161050953823,0.9634735588032546,0.33659536898999576,2014
1999-2008,yob::2015:treat,0.5386652934527395,0.3494418880991079,1.5415017826940212,0.12494118917459496,2015
1999-2008,yob::2016:treat,-0.12831748268086077,0.2700795222637963,-0.4751100031772439,0.6352813766832155,2016
1999-2008,yob::2017:treat,-0.21799875477739664,0.5152026776908639,-0.42313202981487996,0.6727012519025856,2017
1999-2008,yob::2018:treat,-0.48020274967033433,0.4524858100343242,-1.0612548261655048,0.2899881130611813,2018
2000-2003,yob::2006:treat,-1.0150693064892329,0.3441136777801473,-2.949808078067028,0.0050777819929771996,2006
2000-2003,yob::2007:treat,-0.2524126071883333,0.33412439053164233,-0.7554450208998713,0.454007228716649,2007
2000-2003,yob::2008:treat,-0.17940524334223498,0.2702855385569269,-0.663761902690362,0.5103059273609983,2008
2000-2003,yob::2010:treat,0.21845746097349783,0.8325760800084946,0.26238738563239644,0.7942474182514613,2010
2000-2003,yob::2011:treat,-0.7152150915445451,0.6995606349381737,-1.0223775550317449,0.3121907109267231,2011
2000-2003,yob::2013:treat,-1.7183046684495376,0.4238683466702631,-4.053864087629658,2.0223263398802896e-4,2013
2000-2004,yob::2005:treat,-4.043504118738752,0.2722784823748047,-14.850619422700726,5.770433497793707e-20,2005
2000-2004,yob::2006:treat,0.7214772981185332,0.3493832198870393,2.0650027163634173,0.04412733060587355,2006
2000-2004,yob::2007:treat,1.0620047858609423,0.3144345132450266,3.3775070519480894,0.0014235655515774134,2007
2000-2004,yob::2008:treat,1.2035595583060683,0.46184065183264833,2.606006105201384,0.012037781764227984,2008
2000-2004,yob::2010:treat,-0.12145553084217761,0.2608874585555642,-0.4655476024590497,0.6435608793006979,2010
2000-2004,yob::2011:treat,-0.04364122511911853,0.6977510676704394,-0.06254555118750615,0.9503777534426727,2011
2000-2004,yob::2013:treat,-0.6495483655939439,0.787296481681769,-0.8250365404992323,0.41326979976638634,2013
2000-2005,yob::2005:treat,-4.222432097154618,0.3436681438558989,-12.286364542781413,1.5719498261948935e-17,2005
2000-2005,yob::2006:treat,0.5288752464971931,0.5759513942990175,0.9182636794219065,0.3624190539486306,2006
2000-2005,yob::2007:treat,0.9229441764911087,0.4161327686513629,2.2179079515469584,0.03063455933206358,2007
2000-2005,yob::2008:treat,0.9315381683473494,0.4319580334958623,2.156547849818546,0.0353496655672933,2008
2000-2005,yob::2010:treat,-0.48174090338725023,0.48918397645251166,-0.9847847161322874,0.3289656447528887,2010
2000-2005,yob::2011:treat,0.404384612590099,0.3443828144521903,1.174229943016621,0.24527238085768022,2011
2000-2005,yob::2012:treat,-0.5501096009129157,0.3294118074777405,-1.669975357365077,0.10050534097164661,2012
2000-2005,yob::2013:treat,-0.7562122443222068,0.7175841029810063,-1.0538308209180367,0.2964861675413301,2013
2000-2006,yob::2005:treat,-4.153538843707027,0.33077749313853483,-12.556896795778846,2.5990017225036863e-18,2005
2000-2006,yob::2006:treat,0.35151292837213355,1.5293368225486044,0.229846638876023,0.8190059590170841,2006
2000-2006,yob::2007:treat,0.4984225892357898,0.40242168294883357,1.238557986198677,0.22041450922872685,2007
2000-2006,yob::2008:treat,1.4838500738277702,0.37421007646127785,3.9652862580821355,2.007692583889789e-4,2008
2000-2006,yob::2010:treat,-0.12691376880067595,0.46179009876738164,-0.2748299912437197,0.784406963694091,2010
2000-2006,yob::2011:treat,0.1675608237342029,0.4208779550668122,0.39812212000413155,0.6919771705091995,2011
2000-2006,yob::2012:treat,0.1805687686915857,0.6193866310898871,0.29152835987733977,0.7716697914595168,2012
2000-2006,yob::2013:treat,0.1591117175220313,0.6331423034660045,0.25130482776305996,0.8024516704465237,2013
2000-2006,yob::2014:treat,0.6616950468914299,0.4557210545187277,1.4519738342794468,0.1518061539451367,2014
2000-2006,yob::2015:treat,0.4966802684013997,0.5151839047165063,0.9640834347779388,0.33893910041775954,2015
2000-2006,yob::2016:treat,1.0999543162433654,0.37710106421449513,2.9168687670892153,0.004994007094128991,2016
2000-2006,yob::2017:treat,2.4481174482478374,0.34759936421551185,7.042928440829952,2.288535111655127e-9,2017
2000-2006,yob::2018:treat,1.105940100036077,0.4657983514504221,2.374289425010533,0.020855017470881424,2018
2000-2007,yob::2006:treat,0.5549033746516614,0.4472320012851526,1.2407506016052239,0.2169850411784076,2006
2000-2007,yob::2007:treat,0.6879868763883876,0.3252355661435556,2.1153494513103692,0.036353456601395016,2007
2000-2007,yob::2008:treat,0.5830307648711325,0.456927486663206,1.2759809420282813,0.20429095637177383,2008
2000-2007,yob::2010:treat,-0.03772325978301027,0.3537760988318276,-0.10663032326822776,0.9152505143137489,2010
2000-2007,yob::2011:treat,0.28989520558725795,0.3257078592276358,0.890046700975218,0.37512373494759543,2011
2000-2007,yob::2012:treat,1.36866410182714,0.48193203081308345,2.8399525541351163,0.005256487092736249,2012
2000-2007,yob::2013:treat,0.1917380287106901,0.4959207243361807,0.38663040139599497,0.6996768839014734,2013
2000-2007,yob::2014:treat,0.674239259819464,0.38612550218999403,1.7461660936544483,0.08320011511162731,2014
2000-2007,yob::2015:treat,0.4791987072714438,0.43336498409372354,1.105762405501151,0.27091966624458885,2015
2000-2007,yob::2016:treat,1.0830469861850445,0.3026422740993584,3.5786374835046235,4.898927068630695e-4,2016
2000-2007,yob::2017:treat,2.4010815927974685,0.30034330018246,7.994456980857571,6.903632611858806e-13,2017
2000-2007,yob::2018:treat,1.0584654731687777,0.4694977068955616,2.254463563129245,0.02587999150649773,2018
2000-2008,yob::2006:treat,0.38004862237672266,0.4227527091550146,0.8989856579189106,0.37019296581353467,2006
2000-2008,yob::2007:treat,0.5811317592289688,0.334317723152072,1.7382618957494749,0.08434769732153433,2007
2000-2008,yob::2008:treat,0.5641053317713752,0.34287454810835816,1.6452236973655503,0.10215118748804143,2008
2000-2008,yob::2010:treat,-0.22705816599668777,0.3062946177486147,-0.7413064181984461,0.45974054255926566,2010
2000-2008,yob::2011:treat,0.1530714302368039,0.341826851567565,0.4478039964819675,0.6549819150755603,2011
2000-2008,yob::2012:treat,0.9124252207287579,0.3216589273644984,2.83662333952514,0.005231436054971471,2012
2000-2008,yob::2013:treat,1.120218427568797,0.39493562109510877,2.8364583180989515,0.005233991883797638,2013
2000-2008,yob::2014:treat,0.3727322798316569,0.29125503041946527,1.279745380860369,0.2027363809837303,2014
2000-2008,yob::2015:treat,0.6241594112710537,0.35293952417059155,1.7684599443426725,0.07914651244538604,2015
2000-2008,yob::2016:treat,-0.0065693365085812815,0.27333782085745195,-0.024033763377396822,0.9808596568841923,2016
2000-2008,yob::2017:treat,-0.06557143656140564,0.5002685117078299,-0.13107248412968495,0.895904797809687,2017
2000-2008,yob::2018:treat,-0.3617453421040188,0.4515551702831099,-0.8011099549080939,0.4244158890531189,2018
